Age,Experience,Education,Job_Title,Location_Rural,Location_Suburban,Location_Urban,Gender_Female,Gender_Male,Salary
1.5161066238597072,-0.8121685493518859,0.0,2.0,0.0,0.0,1.0,0.0,1.0,84620.05366451902
1.2220453090442667,-0.45232426519066044,3.0,0.0,0.0,1.0,0.0,0.0,1.0,142591.2558943053
1.369075966451987,1.5867933450562834,1.0,2.0,0.0,1.0,0.0,1.0,0.0,97800.25540414132
0.1928307071902249,1.706741439776692,0.0,0.0,1.0,0.0,0.0,0.0,1.0,96834.67128150172
-1.2039605381831173,1.2269490608950582,3.0,1.0,0.0,0.0,1.0,1.0,0.0,132157.78617465615
-1.1304452094792572,0.5072604925726073,3.0,0.0,1.0,0.0,0.0,1.0,0.0,156312.9362084037
1.2955606377481268,-1.2919609282335196,3.0,0.0,1.0,0.0,0.0,1.0,0.0,130567.64945544896
0.4868920220056654,-0.2124280757498435,3.0,0.0,0.0,1.0,0.0,1.0,0.0,148707.74075900653
-1.2774758668869775,0.6272085872930158,1.0,3.0,0.0,0.0,1.0,1.0,0.0,95945.27542859328
1.1485299803404065,-0.09247998102943503,3.0,1.0,0.0,0.0,1.0,1.0,0.0,133339.3896823029
-1.4245065242946977,0.9870528714542411,1.0,2.0,1.0,0.0,0.0,1.0,0.0,101164.09236529446
-1.1304452094792572,-1.651805212394745,2.0,0.0,0.0,0.0,1.0,1.0,0.0,124251.98714687066
1.5161066238597072,-0.45232426519066044,0.0,2.0,0.0,0.0,1.0,0.0,1.0,55066.114352582896
0.045800049782504675,-1.2919609282335196,3.0,2.0,1.0,0.0,0.0,0.0,1.0,124972.50876977788
0.1193153784863648,-0.9321166440722943,2.0,0.0,0.0,1.0,0.0,1.0,0.0,126139.13670110232
0.4868920220056654,1.5867933450562834,0.0,3.0,0.0,1.0,0.0,0.0,1.0,81007.19945085408
-0.39529192244065603,-1.2919609282335196,0.0,1.0,0.0,1.0,0.0,0.0,1.0,60693.924713925415
1.5161066238597072,1.3468971556154665,0.0,0.0,1.0,0.0,0.0,0.0,1.0,103386.0702899282
0.7809533368211059,-0.9321166440722943,2.0,0.0,0.0,0.0,1.0,1.0,0.0,140042.13891849504
-0.6158379085522364,0.6272085872930158,1.0,1.0,1.0,0.0,0.0,0.0,1.0,86048.11608072282
1.442591295155847,-1.4119090229539282,2.0,3.0,1.0,0.0,0.0,1.0,0.0,73861.99295330019
1.442591295155847,0.5072604925726073,3.0,1.0,0.0,1.0,0.0,0.0,1.0,106145.00551210355
-0.46880725114451616,0.5072604925726073,3.0,0.0,0.0,0.0,1.0,1.0,0.0,142981.59047925484
-1.571537181702418,-0.9321166440722943,2.0,1.0,0.0,1.0,0.0,1.0,0.0,96620.92938815863
1.442591295155847,0.7471566820134242,0.0,2.0,0.0,0.0,1.0,1.0,0.0,89426.94711719434
-1.645052510406278,-0.332376170470252,1.0,2.0,0.0,0.0,1.0,0.0,1.0,104762.39852019974
-0.5423225798483763,0.9870528714542411,1.0,2.0,0.0,1.0,0.0,1.0,0.0,101747.54077442826
-0.46880725114451616,-1.651805212394745,1.0,3.0,0.0,1.0,0.0,0.0,1.0,68635.08828494251
-1.056929880775397,-1.1720128335131113,1.0,2.0,1.0,0.0,0.0,0.0,1.0,90550.47942410434
1.369075966451987,-0.09247998102943503,0.0,1.0,0.0,0.0,1.0,1.0,0.0,75559.24411372501
-0.1747459363290757,-0.5722723599110688,1.0,3.0,0.0,0.0,1.0,1.0,0.0,87433.49864519518
1.5161066238597072,-1.4119090229539282,0.0,1.0,0.0,0.0,1.0,1.0,0.0,57615.23341761047
0.1928307071902249,-1.5318571176743365,3.0,3.0,0.0,0.0,1.0,0.0,1.0,126043.14343328992
-1.645052510406278,-0.2124280757498435,0.0,1.0,0.0,0.0,1.0,0.0,1.0,73043.43575162995
1.2220453090442667,0.14741620841138192,3.0,0.0,1.0,0.0,0.0,0.0,1.0,134560.1930040126
-1.4980218529985578,0.9870528714542411,1.0,3.0,0.0,0.0,1.0,1.0,0.0,95804.2614408205
-1.2039605381831173,-1.5318571176743365,2.0,0.0,1.0,0.0,0.0,1.0,0.0,99694.53954354613
-1.4245065242946977,1.1070009661746496,3.0,0.0,0.0,1.0,0.0,1.0,0.0,153930.9338516317
0.5604073507095255,-0.2124280757498435,3.0,0.0,1.0,0.0,0.0,0.0,1.0,151123.33589341832
-0.6893532372560965,-1.0520647387927027,0.0,0.0,1.0,0.0,0.0,1.0,0.0,81462.71866943766
-0.1747459363290757,-0.9321166440722943,2.0,0.0,1.0,0.0,0.0,0.0,1.0,106019.0203963744
-0.8363838946638168,-1.5318571176743365,3.0,0.0,0.0,1.0,0.0,1.0,0.0,142122.66726825983
-0.8363838946638168,-0.45232426519066044,0.0,1.0,0.0,0.0,1.0,0.0,1.0,66858.43105342452
-1.2774758668869775,-0.9321166440722943,1.0,2.0,1.0,0.0,0.0,1.0,0.0,82060.7329291408
-0.46880725114451616,-0.9321166440722943,3.0,3.0,0.0,1.0,0.0,1.0,0.0,107935.40344896368
-0.6893532372560965,-0.9321166440722943,1.0,1.0,1.0,0.0,0.0,0.0,1.0,70251.76628382233
-1.056929880775397,-0.9321166440722943,3.0,1.0,1.0,0.0,0.0,1.0,0.0,118799.44006115956
0.33986136459794514,-0.332376170470252,3.0,1.0,0.0,1.0,0.0,1.0,0.0,100369.02351603874
-1.2039605381831173,0.5072604925726073,2.0,1.0,1.0,0.0,0.0,0.0,1.0,100038.7680224855
1.5896219525635673,0.8671047767338327,3.0,2.0,1.0,0.0,0.0,0.0,1.0,164542.83698804962
1.442591295155847,0.5072604925726073,0.0,2.0,0.0,0.0,1.0,0.0,1.0,95726.36718568094
-1.3509911955908376,0.5072604925726073,1.0,3.0,0.0,1.0,0.0,0.0,1.0,96598.32495003476
1.2955606377481268,0.6272085872930158,1.0,3.0,1.0,0.0,0.0,1.0,0.0,82628.14830429087
1.369075966451987,-1.4119090229539282,1.0,1.0,0.0,1.0,0.0,1.0,0.0,66216.7016212603
-0.5423225798483763,-0.2124280757498435,3.0,3.0,0.0,1.0,0.0,1.0,0.0,127167.11604300037
-1.645052510406278,-0.5722723599110688,0.0,0.0,0.0,0.0,1.0,1.0,0.0,106028.63629377136
1.2220453090442667,0.6272085872930158,3.0,1.0,0.0,0.0,1.0,0.0,1.0,139655.8919089493
1.0750146516365464,-0.6922204546314773,2.0,3.0,0.0,0.0,1.0,0.0,1.0,100278.41602229176
-1.2039605381831173,-1.0520647387927027,0.0,3.0,1.0,0.0,0.0,1.0,0.0,67767.86962383863
0.4868920220056654,0.7471566820134242,3.0,0.0,1.0,0.0,0.0,0.0,1.0,148074.0579284191
0.1928307071902249,0.8671047767338327,3.0,1.0,1.0,0.0,0.0,1.0,0.0,143973.4648101395
-0.7628685659599567,-0.332376170470252,2.0,2.0,1.0,0.0,0.0,1.0,0.0,106333.96975362297
-1.645052510406278,-1.5318571176743365,3.0,1.0,1.0,0.0,0.0,1.0,0.0,96967.34243096111
0.41337669330180526,-0.332376170470252,2.0,2.0,1.0,0.0,0.0,1.0,0.0,113746.2957781357
-1.1304452094792572,0.14741620841138192,3.0,3.0,0.0,1.0,0.0,1.0,0.0,140823.26983800298
-1.571537181702418,-0.2124280757498435,0.0,2.0,0.0,1.0,0.0,1.0,0.0,88374.4479673091
1.5896219525635673,0.14741620841138192,2.0,1.0,0.0,0.0,1.0,1.0,0.0,112591.91766668812
-1.1304452094792572,-0.2124280757498435,0.0,3.0,1.0,0.0,0.0,0.0,1.0,53119.03312031389
1.2955606377481268,0.8671047767338327,0.0,2.0,0.0,1.0,0.0,1.0,0.0,81946.59278102114
0.26634603589408506,1.2269490608950582,0.0,2.0,0.0,0.0,1.0,1.0,0.0,74817.18131645783
1.2955606377481268,0.5072604925726073,1.0,1.0,0.0,0.0,1.0,0.0,1.0,84868.7846243118
-0.027715278921355446,1.3468971556154665,1.0,3.0,0.0,0.0,1.0,0.0,1.0,104215.43185102736
-0.6158379085522364,-0.09247998102943503,2.0,3.0,0.0,0.0,1.0,0.0,1.0,117890.0214065348
0.6339226794133856,1.706741439776692,0.0,2.0,0.0,1.0,0.0,0.0,1.0,90605.4567853522
-0.10123060762521557,-0.2124280757498435,0.0,2.0,0.0,1.0,0.0,1.0,0.0,77430.20945022261
-1.1304452094792572,-0.5722723599110688,1.0,2.0,0.0,1.0,0.0,0.0,1.0,91038.14555250182
1.0014993229326863,0.8671047767338327,3.0,0.0,0.0,0.0,1.0,0.0,1.0,169510.2530418977
-0.46880725114451616,-0.9321166440722943,0.0,3.0,0.0,0.0,1.0,0.0,1.0,58008.87061573461
-1.2039605381831173,-1.1720128335131113,1.0,2.0,1.0,0.0,0.0,1.0,0.0,93375.47914146326
1.442591295155847,0.2673643031317904,2.0,2.0,1.0,0.0,0.0,1.0,0.0,136608.8081251391
-0.1747459363290757,-0.6922204546314773,2.0,3.0,0.0,0.0,1.0,1.0,0.0,113727.8965602193
1.1485299803404065,1.466845250335875,3.0,0.0,0.0,1.0,0.0,0.0,1.0,156729.08389775958
-1.3509911955908376,-1.0520647387927027,0.0,3.0,0.0,0.0,1.0,1.0,0.0,60637.29855913215
-0.46880725114451616,0.14741620841138192,1.0,0.0,1.0,0.0,0.0,1.0,0.0,118098.37222184098
0.854468665524966,-1.0520647387927027,1.0,1.0,1.0,0.0,0.0,0.0,1.0,59734.10574128003
-0.6158379085522364,-1.0520647387927027,3.0,3.0,0.0,1.0,0.0,0.0,1.0,111461.95579727436
1.2220453090442667,1.5867933450562834,1.0,3.0,0.0,0.0,1.0,0.0,1.0,96355.51546129536
-0.5423225798483763,0.38731239785219884,1.0,1.0,1.0,0.0,0.0,0.0,1.0,70214.86159479314
0.1193153784863648,-1.651805212394745,3.0,3.0,0.0,1.0,0.0,0.0,1.0,105551.83680620143
-0.6158379085522364,0.2673643031317904,2.0,1.0,1.0,0.0,0.0,0.0,1.0,109899.04941785493
-0.9098992233676769,0.2673643031317904,3.0,0.0,0.0,1.0,0.0,0.0,1.0,163022.82564588025
-1.3509911955908376,-1.651805212394745,3.0,3.0,1.0,0.0,0.0,0.0,1.0,104029.26927639818
-0.1747459363290757,-0.45232426519066044,2.0,1.0,1.0,0.0,0.0,1.0,0.0,98073.3404604569
1.369075966451987,-0.2124280757498435,2.0,2.0,0.0,0.0,1.0,1.0,0.0,130591.56675108234
1.2955606377481268,-1.651805212394745,3.0,0.0,0.0,1.0,0.0,0.0,1.0,137005.64203097162
-0.8363838946638168,1.466845250335875,0.0,0.0,0.0,1.0,0.0,0.0,1.0,92450.57242382762
0.4868920220056654,-0.8121685493518859,2.0,2.0,1.0,0.0,0.0,1.0,0.0,93295.9826486192
-1.4245065242946977,0.9870528714542411,3.0,2.0,0.0,0.0,1.0,0.0,1.0,163104.2755312551
1.5896219525635673,0.6272085872930158,1.0,1.0,1.0,0.0,0.0,0.0,1.0,89961.7941228838
0.26634603589408506,-1.0520647387927027,0.0,2.0,1.0,0.0,0.0,0.0,1.0,71769.55893398654
0.33986136459794514,-1.1720128335131113,1.0,3.0,1.0,0.0,0.0,0.0,1.0,63923.5309909897
-1.4980218529985578,0.6272085872930158,2.0,1.0,0.0,1.0,0.0,1.0,0.0,112349.77192889052
-1.4980218529985578,-1.1720128335131113,0.0,0.0,0.0,0.0,1.0,0.0,1.0,91289.9958745682
0.045800049782504675,-1.0520647387927027,3.0,3.0,1.0,0.0,0.0,1.0,0.0,119140.33843647146
0.41337669330180526,1.706741439776692,0.0,3.0,1.0,0.0,0.0,0.0,1.0,71549.7678319231
-0.32177659373679596,-0.2124280757498435,2.0,0.0,1.0,0.0,0.0,1.0,0.0,133122.60510065337
-1.571537181702418,1.466845250335875,0.0,3.0,0.0,1.0,0.0,1.0,0.0,66723.68051821226
-1.3509911955908376,0.38731239785219884,3.0,0.0,1.0,0.0,0.0,0.0,1.0,157287.4192480694
1.0014993229326863,0.6272085872930158,3.0,0.0,0.0,1.0,0.0,1.0,0.0,165810.55944087074
-0.39529192244065603,-0.2124280757498435,0.0,0.0,0.0,1.0,0.0,1.0,0.0,103723.30317535224
0.1193153784863648,-0.9321166440722943,3.0,0.0,0.0,1.0,0.0,1.0,0.0,138575.07809749557
0.1928307071902249,-0.8121685493518859,0.0,1.0,0.0,1.0,0.0,1.0,0.0,48005.6998343848
1.5161066238597072,0.7471566820134242,0.0,3.0,0.0,1.0,0.0,1.0,0.0,83938.8036230838
-0.7628685659599567,0.2673643031317904,0.0,2.0,0.0,0.0,1.0,0.0,1.0,80007.84720913025
0.854468665524966,-1.651805212394745,0.0,1.0,0.0,1.0,0.0,0.0,1.0,51439.95511443989
-0.10123060762521557,1.1070009661746496,2.0,2.0,0.0,1.0,0.0,1.0,0.0,125825.37782839929
-0.983414552071537,0.14741620841138192,3.0,1.0,1.0,0.0,0.0,1.0,0.0,111979.28028586916
1.0014993229326863,-0.45232426519066044,0.0,3.0,0.0,0.0,1.0,1.0,0.0,74209.99466184892
1.5161066238597072,1.706741439776692,3.0,0.0,0.0,0.0,1.0,0.0,1.0,155079.84083441965
1.369075966451987,-1.2919609282335196,2.0,2.0,1.0,0.0,0.0,0.0,1.0,109922.0568164404
-1.2039605381831173,-1.2919609282335196,3.0,1.0,0.0,1.0,0.0,0.0,1.0,104330.68911543266
-0.39529192244065603,0.2673643031317904,3.0,3.0,0.0,0.0,1.0,1.0,0.0,119682.68653532074
0.6339226794133856,0.2673643031317904,1.0,3.0,0.0,1.0,0.0,1.0,0.0,91498.92541209709
1.5896219525635673,-0.5722723599110688,1.0,1.0,1.0,0.0,0.0,0.0,1.0,79316.33852811223
-1.2039605381831173,0.7471566820134242,1.0,0.0,0.0,0.0,1.0,0.0,1.0,126769.34597053225
-0.46880725114451616,0.7471566820134242,0.0,1.0,0.0,1.0,0.0,1.0,0.0,79183.53730827161
0.5604073507095255,-1.0520647387927027,1.0,1.0,0.0,0.0,1.0,0.0,1.0,57463.59600309587
0.41337669330180526,1.2269490608950582,1.0,1.0,0.0,0.0,1.0,0.0,1.0,89948.55569043328
-0.8363838946638168,1.2269490608950582,1.0,0.0,0.0,1.0,0.0,0.0,1.0,121066.52294503032
0.7074380081172458,0.2673643031317904,3.0,2.0,0.0,1.0,0.0,1.0,0.0,157190.03279936145
1.1485299803404065,0.38731239785219884,0.0,1.0,0.0,0.0,1.0,0.0,1.0,80837.44493674728
0.1928307071902249,0.8671047767338327,3.0,3.0,1.0,0.0,0.0,0.0,1.0,151013.40051848112
1.1485299803404065,1.3468971556154665,1.0,2.0,0.0,0.0,1.0,1.0,0.0,110750.60577086
0.4868920220056654,-0.5722723599110688,2.0,3.0,1.0,0.0,0.0,0.0,1.0,102744.16995282008
-1.4980218529985578,-0.2124280757498435,0.0,3.0,0.0,0.0,1.0,1.0,0.0,62000.29192430693
-0.2482612650329358,0.14741620841138192,1.0,1.0,0.0,1.0,0.0,1.0,0.0,81956.47780376
-0.7628685659599567,-0.9321166440722943,2.0,2.0,1.0,0.0,0.0,1.0,0.0,99647.04281717028
-0.32177659373679596,0.027468113690973444,0.0,1.0,1.0,0.0,0.0,1.0,0.0,53660.11340683279
-1.645052510406278,-1.5318571176743365,2.0,3.0,0.0,0.0,1.0,0.0,1.0,98065.50878814336
1.369075966451987,-1.1720128335131113,0.0,1.0,0.0,0.0,1.0,0.0,1.0,60027.17539890681
-0.027715278921355446,0.2673643031317904,1.0,0.0,1.0,0.0,0.0,0.0,1.0,107222.12664516484
-0.39529192244065603,-1.1720128335131113,3.0,0.0,0.0,1.0,0.0,1.0,0.0,145434.53439582724
1.442591295155847,-0.8121685493518859,2.0,1.0,1.0,0.0,0.0,0.0,1.0,94399.8846738686
-1.3509911955908376,1.1070009661746496,2.0,1.0,1.0,0.0,0.0,1.0,0.0,105559.54371150376
-1.3509911955908376,1.5867933450562834,1.0,1.0,0.0,1.0,0.0,0.0,1.0,92774.21458468054
-0.32177659373679596,0.027468113690973444,0.0,1.0,0.0,1.0,0.0,1.0,0.0,61928.68279841316
-1.2774758668869775,-0.8121685493518859,3.0,1.0,0.0,0.0,1.0,1.0,0.0,118509.62858553034
-0.6158379085522364,0.9870528714542411,1.0,0.0,0.0,0.0,1.0,1.0,0.0,127909.7105518198
-0.9098992233676769,-1.4119090229539282,1.0,2.0,0.0,0.0,1.0,0.0,1.0,101655.25190671264
0.4868920220056654,0.9870528714542411,3.0,1.0,0.0,1.0,0.0,1.0,0.0,145740.44537947085
-0.2482612650329358,0.2673643031317904,0.0,2.0,1.0,0.0,0.0,1.0,0.0,69022.97240059583
0.854468665524966,1.5867933450562834,2.0,1.0,0.0,1.0,0.0,0.0,1.0,122693.7222533875
-1.4245065242946977,0.14741620841138192,2.0,2.0,0.0,0.0,1.0,1.0,0.0,112053.20358407324
-1.056929880775397,0.14741620841138192,3.0,0.0,1.0,0.0,0.0,1.0,0.0,149731.74718252578
0.26634603589408506,0.5072604925726073,2.0,3.0,0.0,0.0,1.0,0.0,1.0,129826.72282091064
-0.32177659373679596,-0.332376170470252,3.0,2.0,1.0,0.0,0.0,1.0,0.0,130504.10498333003
-1.3509911955908376,1.1070009661746496,3.0,0.0,0.0,1.0,0.0,0.0,1.0,169726.36047258874
-1.1304452094792572,0.027468113690973444,3.0,2.0,0.0,0.0,1.0,1.0,0.0,133614.32129684524
1.442591295155847,-0.8121685493518859,2.0,0.0,0.0,1.0,0.0,0.0,1.0,114113.54716908364
0.4868920220056654,1.466845250335875,1.0,3.0,0.0,1.0,0.0,1.0,0.0,100641.90157356314
0.9279839942288262,-1.4119090229539282,2.0,0.0,0.0,1.0,0.0,0.0,1.0,128222.10354585823
-0.5423225798483763,0.9870528714542411,2.0,1.0,1.0,0.0,0.0,1.0,0.0,103825.70543658012
-1.4245065242946977,0.38731239785219884,3.0,1.0,0.0,1.0,0.0,1.0,0.0,123464.46899091224
-1.4245065242946977,-1.2919609282335196,2.0,2.0,0.0,1.0,0.0,1.0,0.0,99083.7164162198
-1.2039605381831173,-0.8121685493518859,3.0,1.0,1.0,0.0,0.0,0.0,1.0,115028.8104444262
-1.4980218529985578,-0.09247998102943503,3.0,1.0,0.0,1.0,0.0,1.0,0.0,136466.95140894435
1.0750146516365464,1.5867933450562834,2.0,3.0,0.0,1.0,0.0,0.0,1.0,130006.80109093692
0.1193153784863648,0.2673643031317904,2.0,1.0,0.0,1.0,0.0,0.0,1.0,113966.50654336264
0.9279839942288262,-1.0520647387927027,3.0,1.0,1.0,0.0,0.0,0.0,1.0,108930.25525076337
-1.4245065242946977,-1.1720128335131113,0.0,2.0,1.0,0.0,0.0,1.0,0.0,59366.90640736085
-1.1304452094792572,0.8671047767338327,1.0,1.0,0.0,0.0,1.0,1.0,0.0,103772.45916416372
0.33986136459794514,-0.09247998102943503,2.0,1.0,0.0,1.0,0.0,1.0,0.0,103680.8892436586
-1.4980218529985578,-1.0520647387927027,3.0,0.0,1.0,0.0,0.0,0.0,1.0,134263.9176428062
-1.1304452094792572,0.6272085872930158,2.0,0.0,0.0,1.0,0.0,1.0,0.0,143982.40622403615
-0.9098992233676769,-0.332376170470252,1.0,2.0,1.0,0.0,0.0,0.0,1.0,90022.1254832727
-1.2774758668869775,-0.6922204546314773,2.0,2.0,1.0,0.0,0.0,0.0,1.0,100622.23740614792
1.2955606377481268,-1.651805212394745,1.0,2.0,1.0,0.0,0.0,1.0,0.0,90091.88495330968
-0.027715278921355446,0.38731239785219884,0.0,1.0,0.0,0.0,1.0,0.0,1.0,73807.19890433867
1.5161066238597072,-1.0520647387927027,2.0,1.0,0.0,1.0,0.0,0.0,1.0,85629.70656151309
-1.571537181702418,1.706741439776692,2.0,1.0,1.0,0.0,0.0,0.0,1.0,102870.94105128384
-1.2039605381831173,-1.1720128335131113,3.0,1.0,0.0,1.0,0.0,1.0,0.0,115954.11875826868
0.41337669330180526,-1.5318571176743365,0.0,1.0,1.0,0.0,0.0,0.0,1.0,70374.09661478276
-1.2774758668869775,-1.0520647387927027,3.0,1.0,0.0,1.0,0.0,1.0,0.0,112071.79396453792
1.2955606377481268,0.2673643031317904,2.0,0.0,0.0,1.0,0.0,0.0,1.0,128637.2614091442
-0.9098992233676769,-0.9321166440722943,3.0,2.0,1.0,0.0,0.0,0.0,1.0,142237.71197617054
-1.1304452094792572,1.2269490608950582,0.0,2.0,0.0,1.0,0.0,1.0,0.0,89427.18800209484
0.4868920220056654,-0.6922204546314773,0.0,1.0,0.0,0.0,1.0,0.0,1.0,49515.33136752012
1.0014993229326863,0.9870528714542411,2.0,3.0,0.0,0.0,1.0,0.0,1.0,107272.03547451828
-0.32177659373679596,0.6272085872930158,0.0,0.0,0.0,1.0,0.0,1.0,0.0,107266.6397378748
-1.4980218529985578,-1.1720128335131113,2.0,2.0,0.0,1.0,0.0,1.0,0.0,116663.54542250188
1.369075966451987,0.7471566820134242,3.0,0.0,1.0,0.0,0.0,0.0,1.0,159261.25708431192
0.4868920220056654,-0.45232426519066044,2.0,1.0,1.0,0.0,0.0,0.0,1.0,95422.43441621288
0.7074380081172458,-0.45232426519066044,2.0,0.0,0.0,1.0,0.0,0.0,1.0,118732.87974017202
0.1928307071902249,1.5867933450562834,3.0,2.0,0.0,1.0,0.0,0.0,1.0,150828.36884275833
1.0014993229326863,-1.2919609282335196,0.0,0.0,0.0,1.0,0.0,0.0,1.0,80360.31217374376
-0.2482612650329358,0.9870528714542411,0.0,0.0,0.0,1.0,0.0,0.0,1.0,89616.88844301298
0.7074380081172458,1.706741439776692,0.0,3.0,0.0,0.0,1.0,1.0,0.0,94614.49909551127
0.33986136459794514,-1.0520647387927027,1.0,0.0,0.0,1.0,0.0,0.0,1.0,88404.03831200278
0.26634603589408506,1.466845250335875,2.0,2.0,1.0,0.0,0.0,1.0,0.0,123672.41235424776
0.41337669330180526,-0.5722723599110688,0.0,2.0,0.0,0.0,1.0,1.0,0.0,77959.92127523497
0.045800049782504675,-0.6922204546314773,1.0,2.0,0.0,1.0,0.0,0.0,1.0,87089.80186824632
-0.32177659373679596,1.706741439776692,2.0,2.0,1.0,0.0,0.0,1.0,0.0,106944.94644980178
-1.2774758668869775,0.38731239785219884,3.0,1.0,0.0,0.0,1.0,0.0,1.0,137478.69664111253
-1.571537181702418,0.6272085872930158,2.0,3.0,0.0,1.0,0.0,1.0,0.0,107442.49239559734
-0.10123060762521557,-0.6922204546314773,2.0,1.0,0.0,1.0,0.0,0.0,1.0,112257.07959324372
0.854468665524966,1.5867933450562834,3.0,2.0,0.0,1.0,0.0,0.0,1.0,149580.17722315947
-1.571537181702418,-0.45232426519066044,1.0,0.0,0.0,1.0,0.0,1.0,0.0,100586.4041156878
0.4868920220056654,-1.5318571176743365,0.0,2.0,0.0,0.0,1.0,1.0,0.0,72915.21946778877
0.854468665524966,0.027468113690973444,0.0,2.0,1.0,0.0,0.0,0.0,1.0,85534.39748630449
-0.6158379085522364,-1.0520647387927027,0.0,3.0,0.0,1.0,0.0,1.0,0.0,55365.9233688183
1.442591295155847,1.2269490608950582,3.0,3.0,0.0,0.0,1.0,0.0,1.0,155147.37694829778
0.5604073507095255,0.2673643031317904,3.0,0.0,0.0,0.0,1.0,0.0,1.0,171403.03641017622
-0.983414552071537,-1.2919609282335196,0.0,1.0,1.0,0.0,0.0,1.0,0.0,58903.22810655946
0.33986136459794514,-0.8121685493518859,2.0,2.0,0.0,0.0,1.0,1.0,0.0,134264.31490992257
-1.1304452094792572,1.706741439776692,2.0,3.0,0.0,0.0,1.0,0.0,1.0,141926.4602101247
-0.7628685659599567,-1.5318571176743365,0.0,0.0,1.0,0.0,0.0,0.0,1.0,87148.82293893005
0.4868920220056654,1.1070009661746496,0.0,2.0,0.0,0.0,1.0,0.0,1.0,110043.26319415642
1.0014993229326863,-0.6922204546314773,3.0,1.0,0.0,0.0,1.0,0.0,1.0,126080.69529629964
1.1485299803404065,-1.651805212394745,0.0,1.0,1.0,0.0,0.0,0.0,1.0,41707.761004278014
0.41337669330180526,1.1070009661746496,1.0,3.0,0.0,0.0,1.0,0.0,1.0,81377.56364756194
-0.10123060762521557,-1.0520647387927027,2.0,1.0,1.0,0.0,0.0,0.0,1.0,77772.66880478204
0.045800049782504675,0.14741620841138192,0.0,0.0,0.0,1.0,0.0,1.0,0.0,86517.17200841205
1.0750146516365464,1.466845250335875,0.0,3.0,0.0,1.0,0.0,0.0,1.0,78182.64912759434
-0.1747459363290757,1.3468971556154665,3.0,2.0,0.0,1.0,0.0,0.0,1.0,149472.05536597915
-0.6893532372560965,1.3468971556154665,1.0,3.0,0.0,1.0,0.0,0.0,1.0,90992.3950975125
1.2955606377481268,-0.9321166440722943,3.0,0.0,0.0,0.0,1.0,0.0,1.0,131042.22388558686
1.369075966451987,1.2269490608950582,0.0,0.0,0.0,1.0,0.0,1.0,0.0,98697.76833533274
-1.571537181702418,1.1070009661746496,2.0,1.0,1.0,0.0,0.0,0.0,1.0,107105.8207118821
-1.056929880775397,0.14741620841138192,1.0,2.0,1.0,0.0,0.0,1.0,0.0,87924.45958450134
1.2220453090442667,-1.0520647387927027,1.0,0.0,1.0,0.0,0.0,1.0,0.0,88578.47838349616
1.5896219525635673,-0.5722723599110688,1.0,1.0,1.0,0.0,0.0,1.0,0.0,65598.43408127593
-0.983414552071537,0.38731239785219884,3.0,2.0,0.0,1.0,0.0,1.0,0.0,139034.76260983682
-0.39529192244065603,0.2673643031317904,0.0,2.0,1.0,0.0,0.0,1.0,0.0,68436.97173004749
0.1928307071902249,0.2673643031317904,0.0,0.0,0.0,1.0,0.0,1.0,0.0,104598.75331517016
0.045800049782504675,-0.332376170470252,0.0,2.0,1.0,0.0,0.0,1.0,0.0,74409.96732045121
1.2955606377481268,0.027468113690973444,1.0,2.0,1.0,0.0,0.0,1.0,0.0,85276.82081973483
-0.9098992233676769,-1.0520647387927027,1.0,1.0,0.0,1.0,0.0,1.0,0.0,73195.52218532546
0.26634603589408506,0.9870528714542411,2.0,3.0,0.0,1.0,0.0,0.0,1.0,106197.1439364881
-0.6893532372560965,0.6272085872930158,1.0,2.0,0.0,0.0,1.0,0.0,1.0,120121.68295174788
0.6339226794133856,0.14741620841138192,0.0,1.0,0.0,0.0,1.0,1.0,0.0,84841.8672458082
-0.10123060762521557,0.9870528714542411,0.0,1.0,0.0,0.0,1.0,1.0,0.0,90520.01982753033
0.7809533368211059,-0.09247998102943503,1.0,1.0,1.0,0.0,0.0,1.0,0.0,67553.07368757403
-1.571537181702418,-0.332376170470252,2.0,0.0,1.0,0.0,0.0,0.0,1.0,121087.32980273824
0.7074380081172458,-0.332376170470252,1.0,0.0,1.0,0.0,0.0,0.0,1.0,97984.29324487085
1.5161066238597072,-1.5318571176743365,1.0,3.0,0.0,0.0,1.0,1.0,0.0,87620.13105914182
-1.2039605381831173,-0.8121685493518859,3.0,0.0,0.0,0.0,1.0,1.0,0.0,137920.901967161
0.854468665524966,1.1070009661746496,1.0,1.0,0.0,0.0,1.0,0.0,1.0,92241.08305998985
0.5604073507095255,1.466845250335875,0.0,1.0,1.0,0.0,0.0,1.0,0.0,67867.82971648192
0.26634603589408506,0.2673643031317904,0.0,3.0,0.0,1.0,0.0,0.0,1.0,73532.88469132425
1.1485299803404065,-0.8121685493518859,0.0,1.0,0.0,0.0,1.0,0.0,1.0,69941.28708137886
1.0014993229326863,0.14741620841138192,3.0,0.0,0.0,1.0,0.0,1.0,0.0,147712.72307263393
-0.39529192244065603,0.9870528714542411,3.0,1.0,1.0,0.0,0.0,0.0,1.0,134639.6507552622
-0.7628685659599567,-1.651805212394745,1.0,3.0,0.0,0.0,1.0,0.0,1.0,89220.76356797137
1.2220453090442667,-1.1720128335131113,2.0,3.0,1.0,0.0,0.0,0.0,1.0,92867.8476312818
0.1928307071902249,0.5072604925726073,1.0,3.0,0.0,1.0,0.0,0.0,1.0,81543.41867134403
-1.645052510406278,1.1070009661746496,3.0,2.0,1.0,0.0,0.0,1.0,0.0,132288.0966456586
1.1485299803404065,0.8671047767338327,1.0,0.0,1.0,0.0,0.0,0.0,1.0,117917.26975151568
0.5604073507095255,-1.4119090229539282,3.0,3.0,0.0,0.0,1.0,1.0,0.0,118237.75563685333
1.369075966451987,-0.6922204546314773,0.0,2.0,0.0,1.0,0.0,0.0,1.0,56873.70677317545
1.0014993229326863,-0.45232426519066044,0.0,0.0,0.0,0.0,1.0,1.0,0.0,97129.52368183
1.1485299803404065,-1.0520647387927027,3.0,2.0,1.0,0.0,0.0,0.0,1.0,127295.5452054622
0.41337669330180526,-0.9321166440722943,1.0,0.0,1.0,0.0,0.0,0.0,1.0,82940.32918857371
1.442591295155847,-0.9321166440722943,2.0,0.0,0.0,1.0,0.0,0.0,1.0,133794.19981202646
0.045800049782504675,-1.1720128335131113,0.0,0.0,1.0,0.0,0.0,1.0,0.0,83366.3598715775
-0.5423225798483763,-1.5318571176743365,2.0,3.0,0.0,0.0,1.0,1.0,0.0,103387.4525129018
1.1485299803404065,0.8671047767338327,3.0,0.0,0.0,1.0,0.0,0.0,1.0,144256.80632265584
1.1485299803404065,1.5867933450562834,3.0,2.0,1.0,0.0,0.0,1.0,0.0,133976.69467114715
-0.027715278921355446,-1.1720128335131113,2.0,1.0,0.0,0.0,1.0,0.0,1.0,96929.31513158564
-1.1304452094792572,-1.0520647387927027,3.0,1.0,0.0,0.0,1.0,0.0,1.0,103860.8461044971
1.0750146516365464,-1.0520647387927027,1.0,0.0,0.0,1.0,0.0,0.0,1.0,105050.80273184486
-1.4980218529985578,-0.9321166440722943,1.0,3.0,1.0,0.0,0.0,0.0,1.0,62891.76686619663
-0.6893532372560965,-1.2919609282335196,1.0,0.0,0.0,0.0,1.0,1.0,0.0,105649.12729254698
-0.1747459363290757,1.2269490608950582,3.0,2.0,0.0,1.0,0.0,0.0,1.0,147118.68547273273
0.4868920220056654,0.38731239785219884,2.0,1.0,0.0,0.0,1.0,1.0,0.0,120117.85268097043
0.7074380081172458,0.14741620841138192,0.0,2.0,1.0,0.0,0.0,0.0,1.0,66620.52404738512
-0.2482612650329358,0.7471566820134242,0.0,2.0,0.0,0.0,1.0,0.0,1.0,93737.29449524725
1.5896219525635673,0.5072604925726073,1.0,1.0,1.0,0.0,0.0,1.0,0.0,70051.59807165357
1.5896219525635673,-0.5722723599110688,0.0,3.0,0.0,0.0,1.0,1.0,0.0,77955.49551769407
-0.027715278921355446,1.1070009661746496,3.0,2.0,1.0,0.0,0.0,1.0,0.0,142850.38233722505
-0.027715278921355446,-1.1720128335131113,2.0,1.0,0.0,0.0,1.0,0.0,1.0,104958.5066896543
1.5896219525635673,0.38731239785219884,3.0,3.0,0.0,0.0,1.0,0.0,1.0,124794.74653171968
1.0750146516365464,1.2269490608950582,3.0,2.0,0.0,1.0,0.0,0.0,1.0,154990.84275671767
0.854468665524966,-1.4119090229539282,2.0,2.0,1.0,0.0,0.0,1.0,0.0,106062.03396303709
1.1485299803404065,0.6272085872930158,0.0,2.0,0.0,0.0,1.0,0.0,1.0,93636.97892713363
-0.10123060762521557,-1.2919609282335196,2.0,2.0,0.0,1.0,0.0,1.0,0.0,112126.33963013986
0.41337669330180526,-0.09247998102943503,3.0,0.0,0.0,0.0,1.0,0.0,1.0,152065.3611720965
0.854468665524966,-0.332376170470252,2.0,3.0,0.0,1.0,0.0,1.0,0.0,119412.99220315993
-1.571537181702418,-0.09247998102943503,2.0,2.0,0.0,0.0,1.0,0.0,1.0,122441.02014234295
-0.39529192244065603,-1.1720128335131113,1.0,1.0,0.0,1.0,0.0,0.0,1.0,67608.30799609171
0.854468665524966,0.38731239785219884,1.0,0.0,1.0,0.0,0.0,1.0,0.0,107412.73806631062
1.5161066238597072,1.466845250335875,3.0,1.0,0.0,0.0,1.0,0.0,1.0,132494.82054555468
-0.6893532372560965,-0.9321166440722943,3.0,1.0,1.0,0.0,0.0,0.0,1.0,107360.03576669157
-0.39529192244065603,0.14741620841138192,0.0,3.0,1.0,0.0,0.0,1.0,0.0,64227.533838106014
0.6339226794133856,-1.4119090229539282,3.0,1.0,0.0,1.0,0.0,0.0,1.0,109204.4587935414
-0.10123060762521557,0.8671047767338327,0.0,0.0,1.0,0.0,0.0,1.0,0.0,93993.97072805486
0.854468665524966,0.7471566820134242,0.0,2.0,0.0,1.0,0.0,1.0,0.0,105457.61391306328
-1.571537181702418,-0.45232426519066044,2.0,2.0,0.0,1.0,0.0,0.0,1.0,121709.4983984612
-1.2774758668869775,1.466845250335875,2.0,1.0,0.0,1.0,0.0,0.0,1.0,127723.00647288092
1.1485299803404065,1.3468971556154665,3.0,3.0,0.0,1.0,0.0,1.0,0.0,135962.90562631763
0.6339226794133856,0.38731239785219884,1.0,3.0,0.0,1.0,0.0,1.0,0.0,87129.83711494852
0.41337669330180526,-1.0520647387927027,1.0,2.0,0.0,0.0,1.0,0.0,1.0,92218.2195310701
1.1485299803404065,1.3468971556154665,0.0,2.0,0.0,0.0,1.0,0.0,1.0,104528.89097268877
-1.3509911955908376,0.7471566820134242,3.0,1.0,1.0,0.0,0.0,0.0,1.0,104518.81521769102
1.0750146516365464,0.8671047767338327,0.0,3.0,0.0,0.0,1.0,1.0,0.0,71668.35224708632
-1.1304452094792572,1.1070009661746496,2.0,1.0,0.0,1.0,0.0,1.0,0.0,115023.3584683422
-1.4245065242946977,-1.1720128335131113,3.0,2.0,0.0,1.0,0.0,1.0,0.0,127759.07632937071
-0.10123060762521557,-1.1720128335131113,3.0,2.0,0.0,0.0,1.0,0.0,1.0,154677.29682143047
-0.10123060762521557,0.14741620841138192,1.0,1.0,1.0,0.0,0.0,1.0,0.0,85476.83215742656
0.26634603589408506,-1.4119090229539282,3.0,3.0,1.0,0.0,0.0,0.0,1.0,106378.0855646952
-1.4980218529985578,-0.332376170470252,1.0,2.0,0.0,0.0,1.0,0.0,1.0,86223.92931460653
0.41337669330180526,-1.4119090229539282,3.0,2.0,0.0,1.0,0.0,0.0,1.0,124594.39965062136
0.7074380081172458,-1.5318571176743365,2.0,3.0,0.0,1.0,0.0,0.0,1.0,83967.79917321586
1.0750146516365464,0.027468113690973444,0.0,2.0,1.0,0.0,0.0,1.0,0.0,79667.50650418435
0.7809533368211059,0.6272085872930158,1.0,3.0,0.0,0.0,1.0,0.0,1.0,101611.06322241678
0.9279839942288262,0.2673643031317904,1.0,3.0,0.0,1.0,0.0,1.0,0.0,95200.31932092732
0.7074380081172458,-0.332376170470252,3.0,2.0,1.0,0.0,0.0,1.0,0.0,152791.76664795037
1.2220453090442667,-1.5318571176743365,3.0,1.0,1.0,0.0,0.0,0.0,1.0,97925.34018579702
-0.39529192244065603,1.3468971556154665,3.0,2.0,0.0,0.0,1.0,1.0,0.0,154075.95792204092
-0.983414552071537,-1.5318571176743365,1.0,2.0,1.0,0.0,0.0,1.0,0.0,69874.84255511091
0.9279839942288262,-0.09247998102943503,1.0,2.0,0.0,1.0,0.0,0.0,1.0,98194.01483849874
1.5896219525635673,-0.9321166440722943,1.0,0.0,1.0,0.0,0.0,1.0,0.0,112932.73615950027
-0.027715278921355446,1.3468971556154665,3.0,2.0,1.0,0.0,0.0,0.0,1.0,151687.22399120472
-1.2774758668869775,1.2269490608950582,3.0,1.0,1.0,0.0,0.0,0.0,1.0,128855.129544108
-0.027715278921355446,-0.09247998102943503,2.0,1.0,0.0,0.0,1.0,0.0,1.0,111516.30248819893
-0.983414552071537,-0.9321166440722943,2.0,1.0,0.0,1.0,0.0,1.0,0.0,84891.4436205641
-1.571537181702418,0.6272085872930158,2.0,3.0,1.0,0.0,0.0,0.0,1.0,106062.66288305612
1.5161066238597072,0.2673643031317904,0.0,0.0,0.0,0.0,1.0,1.0,0.0,97852.52574570388
-1.2774758668869775,1.1070009661746496,3.0,0.0,1.0,0.0,0.0,1.0,0.0,154994.21986708543
1.442591295155847,1.466845250335875,3.0,1.0,0.0,1.0,0.0,1.0,0.0,121693.83755601384
-1.3509911955908376,-1.2919609282335196,1.0,0.0,1.0,0.0,0.0,1.0,0.0,97276.2317923478
-1.1304452094792572,1.466845250335875,2.0,3.0,0.0,0.0,1.0,0.0,1.0,129791.9649251421
-0.2482612650329358,0.027468113690973444,3.0,2.0,1.0,0.0,0.0,0.0,1.0,131229.4879372722
1.1485299803404065,1.466845250335875,1.0,1.0,1.0,0.0,0.0,1.0,0.0,92041.749990825
-0.6893532372560965,-1.4119090229539282,3.0,0.0,1.0,0.0,0.0,1.0,0.0,118165.08446631998
-0.8363838946638168,-1.0520647387927027,3.0,1.0,0.0,0.0,1.0,0.0,1.0,106202.04384675653
0.045800049782504675,1.3468971556154665,1.0,1.0,1.0,0.0,0.0,1.0,0.0,92346.87262338235
1.1485299803404065,-0.8121685493518859,1.0,1.0,1.0,0.0,0.0,0.0,1.0,66322.76809083836
-0.8363838946638168,0.14741620841138192,1.0,1.0,0.0,0.0,1.0,0.0,1.0,90884.44479775698
1.2955606377481268,0.027468113690973444,0.0,2.0,0.0,0.0,1.0,1.0,0.0,93394.90672317604
0.6339226794133856,-1.2919609282335196,2.0,1.0,0.0,1.0,0.0,1.0,0.0,92260.70069694844
-1.4245065242946977,0.7471566820134242,2.0,0.0,0.0,0.0,1.0,0.0,1.0,112893.31945170804
-1.4980218529985578,-0.8121685493518859,0.0,0.0,1.0,0.0,0.0,0.0,1.0,76493.46361979107
-1.1304452094792572,0.9870528714542411,1.0,3.0,1.0,0.0,0.0,1.0,0.0,88189.55978005964
-1.4980218529985578,-0.8121685493518859,1.0,3.0,0.0,0.0,1.0,0.0,1.0,85653.0564567708
0.1928307071902249,0.6272085872930158,0.0,0.0,0.0,1.0,0.0,1.0,0.0,103997.30812571551
-1.2774758668869775,-0.9321166440722943,3.0,1.0,0.0,0.0,1.0,0.0,1.0,106214.69814058888
-0.46880725114451616,1.3468971556154665,0.0,0.0,0.0,1.0,0.0,0.0,1.0,103439.56623907984
-1.056929880775397,0.6272085872930158,0.0,3.0,0.0,0.0,1.0,1.0,0.0,95703.03911911232
-0.39529192244065603,1.1070009661746496,3.0,1.0,0.0,1.0,0.0,0.0,1.0,127740.56885031542
0.41337669330180526,0.38731239785219884,2.0,0.0,0.0,1.0,0.0,1.0,0.0,137723.27886185737
-0.6158379085522364,-0.332376170470252,1.0,2.0,1.0,0.0,0.0,0.0,1.0,101663.05778970802
-1.2039605381831173,-1.2919609282335196,2.0,0.0,0.0,1.0,0.0,1.0,0.0,121102.31439102096
-0.6893532372560965,-0.09247998102943503,1.0,3.0,1.0,0.0,0.0,1.0,0.0,77149.03019668574
0.41337669330180526,1.466845250335875,2.0,0.0,0.0,0.0,1.0,1.0,0.0,139904.78989292
-1.4245065242946977,1.1070009661746496,0.0,1.0,0.0,0.0,1.0,1.0,0.0,86438.00153765982
1.5896219525635673,1.2269490608950582,2.0,0.0,0.0,0.0,1.0,0.0,1.0,150921.49090781735
1.1485299803404065,1.5867933450562834,0.0,3.0,0.0,0.0,1.0,0.0,1.0,80135.31584928774
-1.3509911955908376,1.706741439776692,1.0,0.0,0.0,0.0,1.0,0.0,1.0,117235.26845638917
-1.645052510406278,1.2269490608950582,1.0,1.0,1.0,0.0,0.0,0.0,1.0,77191.93285851003
-0.8363838946638168,-1.1720128335131113,1.0,0.0,0.0,0.0,1.0,0.0,1.0,121616.51861184771
1.1485299803404065,0.8671047767338327,0.0,3.0,0.0,1.0,0.0,0.0,1.0,76320.54879609501
-1.2039605381831173,0.6272085872930158,3.0,2.0,1.0,0.0,0.0,0.0,1.0,163602.28585653414
-0.1747459363290757,0.9870528714542411,0.0,0.0,0.0,1.0,0.0,0.0,1.0,103555.45603070543
-1.2039605381831173,1.3468971556154665,3.0,0.0,1.0,0.0,0.0,0.0,1.0,160395.223228338
-0.46880725114451616,-0.9321166440722943,0.0,3.0,0.0,1.0,0.0,0.0,1.0,65062.72488305184
-1.645052510406278,-0.332376170470252,0.0,3.0,1.0,0.0,0.0,0.0,1.0,71991.49850197365
-1.4245065242946977,0.027468113690973444,0.0,0.0,0.0,0.0,1.0,0.0,1.0,85339.3681495593
-1.2774758668869775,0.5072604925726073,0.0,3.0,1.0,0.0,0.0,0.0,1.0,90600.13108370735
1.2220453090442667,1.3468971556154665,1.0,3.0,1.0,0.0,0.0,0.0,1.0,94996.98297388168
-0.46880725114451616,-0.2124280757498435,3.0,1.0,0.0,1.0,0.0,0.0,1.0,115965.9990780719
0.1928307071902249,-1.2919609282335196,3.0,0.0,1.0,0.0,0.0,1.0,0.0,137025.6100228842
0.5604073507095255,-1.0520647387927027,0.0,0.0,1.0,0.0,0.0,0.0,1.0,86923.38876030798
0.33986136459794514,-0.8121685493518859,3.0,2.0,0.0,0.0,1.0,0.0,1.0,127924.45124217024
-0.8363838946638168,0.027468113690973444,2.0,2.0,0.0,1.0,0.0,1.0,0.0,125668.69372441072
1.2955606377481268,-0.332376170470252,2.0,3.0,1.0,0.0,0.0,0.0,1.0,94835.55842413523
-1.645052510406278,-0.5722723599110688,1.0,3.0,0.0,1.0,0.0,0.0,1.0,79937.26466825511
0.7809533368211059,-0.332376170470252,1.0,0.0,1.0,0.0,0.0,0.0,1.0,97105.1758124497
0.1928307071902249,0.2673643031317904,1.0,2.0,1.0,0.0,0.0,1.0,0.0,104635.4146648592
-0.6158379085522364,1.706741439776692,2.0,0.0,0.0,1.0,0.0,0.0,1.0,132909.27268205624
0.854468665524966,1.5867933450562834,1.0,0.0,0.0,0.0,1.0,0.0,1.0,129926.16110034611
1.2955606377481268,-0.8121685493518859,1.0,0.0,1.0,0.0,0.0,0.0,1.0,94565.82135917408
1.5161066238597072,1.5867933450562834,0.0,2.0,1.0,0.0,0.0,1.0,0.0,79527.8982204147
1.1485299803404065,-1.5318571176743365,1.0,0.0,1.0,0.0,0.0,1.0,0.0,79864.7639724552
-0.2482612650329358,0.5072604925726073,2.0,2.0,0.0,1.0,0.0,0.0,1.0,111971.11675483995
1.442591295155847,0.8671047767338327,1.0,2.0,0.0,0.0,1.0,0.0,1.0,95662.03982347203
0.854468665524966,1.706741439776692,1.0,3.0,1.0,0.0,0.0,0.0,1.0,107961.67193749268
1.1485299803404065,-1.651805212394745,0.0,0.0,1.0,0.0,0.0,1.0,0.0,68583.46837368779
-0.10123060762521557,0.8671047767338327,0.0,2.0,1.0,0.0,0.0,0.0,1.0,83586.51930066243
-0.1747459363290757,1.2269490608950582,1.0,3.0,0.0,1.0,0.0,1.0,0.0,111781.89364481598
0.26634603589408506,-0.5722723599110688,1.0,3.0,0.0,1.0,0.0,1.0,0.0,72798.82843068447
0.9279839942288262,-0.6922204546314773,2.0,2.0,0.0,1.0,0.0,0.0,1.0,104584.54324684283
0.33986136459794514,0.5072604925726073,3.0,1.0,0.0,1.0,0.0,0.0,1.0,131547.15536693783
-1.4245065242946977,-0.332376170470252,3.0,3.0,0.0,0.0,1.0,1.0,0.0,113759.20447919633
0.1928307071902249,1.706741439776692,1.0,2.0,0.0,1.0,0.0,0.0,1.0,108212.91487003132
-1.1304452094792572,0.8671047767338327,3.0,3.0,0.0,1.0,0.0,0.0,1.0,127751.06926899531
-1.3509911955908376,0.6272085872930158,3.0,1.0,1.0,0.0,0.0,0.0,1.0,128295.22442169535
-1.3509911955908376,0.38731239785219884,3.0,0.0,0.0,1.0,0.0,0.0,1.0,148741.8413363613
-0.983414552071537,1.1070009661746496,2.0,2.0,0.0,0.0,1.0,0.0,1.0,154081.49279376958
-1.3509911955908376,0.14741620841138192,2.0,0.0,0.0,0.0,1.0,1.0,0.0,145378.91372069393
0.7809533368211059,-1.2919609282335196,1.0,3.0,1.0,0.0,0.0,1.0,0.0,65467.61515724689
-0.9098992233676769,-0.45232426519066044,2.0,1.0,0.0,0.0,1.0,1.0,0.0,102126.8656254315
0.045800049782504675,1.2269490608950582,3.0,1.0,0.0,1.0,0.0,1.0,0.0,131524.15487084555
0.7074380081172458,0.8671047767338327,2.0,3.0,0.0,1.0,0.0,0.0,1.0,150065.74349110562
-0.6893532372560965,1.706741439776692,0.0,2.0,0.0,0.0,1.0,1.0,0.0,83898.00356021858
-0.10123060762521557,1.466845250335875,3.0,2.0,0.0,0.0,1.0,0.0,1.0,159035.39700404613
0.41337669330180526,0.8671047767338327,3.0,3.0,0.0,1.0,0.0,0.0,1.0,116155.67864638472
0.045800049782504675,0.027468113690973444,1.0,1.0,1.0,0.0,0.0,1.0,0.0,79930.62558794077
-1.2774758668869775,0.14741620841138192,1.0,0.0,0.0,1.0,0.0,1.0,0.0,130098.90561909012
-1.4980218529985578,-1.5318571176743365,1.0,1.0,1.0,0.0,0.0,1.0,0.0,62915.44568325892
-1.645052510406278,-0.2124280757498435,2.0,1.0,1.0,0.0,0.0,1.0,0.0,109045.54421472047
-0.983414552071537,-0.332376170470252,1.0,1.0,0.0,0.0,1.0,1.0,0.0,86338.84774046796
-1.1304452094792572,1.3468971556154665,1.0,3.0,1.0,0.0,0.0,0.0,1.0,91775.01283174564
0.4868920220056654,-0.8121685493518859,1.0,0.0,0.0,1.0,0.0,1.0,0.0,100483.43641053604
-0.10123060762521557,-0.332376170470252,2.0,1.0,0.0,1.0,0.0,0.0,1.0,96130.97354819998
-0.46880725114451616,1.466845250335875,0.0,3.0,0.0,0.0,1.0,0.0,1.0,80739.41728110176
-0.6158379085522364,-0.09247998102943503,3.0,2.0,1.0,0.0,0.0,0.0,1.0,120698.05587675504
-0.2482612650329358,-1.4119090229539282,1.0,2.0,0.0,1.0,0.0,1.0,0.0,103068.00728949445
1.0750146516365464,-1.5318571176743365,0.0,1.0,1.0,0.0,0.0,0.0,1.0,43069.23604206557
0.26634603589408506,0.2673643031317904,3.0,1.0,0.0,1.0,0.0,0.0,1.0,129937.74310765752
-0.7628685659599567,-1.5318571176743365,1.0,0.0,0.0,1.0,0.0,1.0,0.0,88234.68148560214
-0.5423225798483763,0.2673643031317904,1.0,1.0,0.0,1.0,0.0,0.0,1.0,98169.9055941535
-0.2482612650329358,-1.5318571176743365,2.0,2.0,0.0,1.0,0.0,1.0,0.0,104264.4422209217
-0.32177659373679596,-1.5318571176743365,0.0,3.0,0.0,0.0,1.0,0.0,1.0,61089.67332142195
1.442591295155847,-0.2124280757498435,2.0,3.0,0.0,0.0,1.0,1.0,0.0,94710.23364704054
-1.4980218529985578,-0.9321166440722943,3.0,0.0,1.0,0.0,0.0,1.0,0.0,140959.76211139612
-0.46880725114451616,-0.6922204546314773,0.0,3.0,1.0,0.0,0.0,1.0,0.0,77115.05704820246
-0.8363838946638168,-0.6922204546314773,2.0,0.0,0.0,0.0,1.0,0.0,1.0,120309.22414000088
0.9279839942288262,-0.09247998102943503,0.0,1.0,0.0,1.0,0.0,0.0,1.0,59417.70846297518
-0.983414552071537,-0.45232426519066044,2.0,3.0,1.0,0.0,0.0,1.0,0.0,89616.76041784984
-0.983414552071537,0.6272085872930158,0.0,0.0,1.0,0.0,0.0,1.0,0.0,91291.62174240376
0.5604073507095255,0.5072604925726073,0.0,0.0,0.0,0.0,1.0,0.0,1.0,99640.24197906828
-0.027715278921355446,-1.651805212394745,3.0,1.0,1.0,0.0,0.0,1.0,0.0,113050.81101494467
1.442591295155847,1.1070009661746496,3.0,2.0,0.0,0.0,1.0,1.0,0.0,159514.7354680092
-0.1747459363290757,-1.1720128335131113,3.0,3.0,0.0,1.0,0.0,0.0,1.0,111874.839538144
1.369075966451987,0.9870528714542411,0.0,1.0,1.0,0.0,0.0,0.0,1.0,70249.48049064373
-0.2482612650329358,-1.651805212394745,0.0,3.0,0.0,1.0,0.0,0.0,1.0,52716.98893277528
-1.3509911955908376,-1.0520647387927027,3.0,2.0,0.0,1.0,0.0,0.0,1.0,120089.67022623286
-0.5423225798483763,0.14741620841138192,1.0,3.0,0.0,0.0,1.0,0.0,1.0,94731.44127037386
0.7809533368211059,0.6272085872930158,3.0,0.0,0.0,1.0,0.0,1.0,0.0,193016.60214967115
-1.645052510406278,0.14741620841138192,2.0,3.0,0.0,0.0,1.0,1.0,0.0,139151.70634005946
-0.5423225798483763,0.6272085872930158,3.0,0.0,0.0,0.0,1.0,1.0,0.0,161398.26597767652
-0.6893532372560965,1.3468971556154665,0.0,2.0,1.0,0.0,0.0,1.0,0.0,103388.57208010757
-0.983414552071537,-0.2124280757498435,3.0,0.0,0.0,1.0,0.0,1.0,0.0,147546.16635853727
1.442591295155847,-0.09247998102943503,0.0,1.0,0.0,0.0,1.0,1.0,0.0,68468.6166055852
-0.9098992233676769,-0.45232426519066044,3.0,0.0,1.0,0.0,0.0,1.0,0.0,121504.28212370236
1.2220453090442667,0.7471566820134242,3.0,0.0,0.0,0.0,1.0,1.0,0.0,151398.94434055715
0.854468665524966,-0.5722723599110688,1.0,1.0,0.0,1.0,0.0,1.0,0.0,72165.00736013523
1.2220453090442667,0.2673643031317904,2.0,0.0,0.0,1.0,0.0,0.0,1.0,133075.1903166543
1.5896219525635673,-0.9321166440722943,1.0,0.0,1.0,0.0,0.0,1.0,0.0,97139.84534859276
1.5896219525635673,0.8671047767338327,0.0,1.0,1.0,0.0,0.0,1.0,0.0,61210.57648608133
1.442591295155847,-1.2919609282335196,0.0,0.0,1.0,0.0,0.0,0.0,1.0,68111.86800466156
-1.571537181702418,0.2673643031317904,3.0,0.0,1.0,0.0,0.0,1.0,0.0,145338.46864392047
-1.056929880775397,-1.651805212394745,0.0,3.0,1.0,0.0,0.0,1.0,0.0,37185.88349317717
-1.645052510406278,-1.5318571176743365,3.0,3.0,0.0,1.0,0.0,0.0,1.0,110873.6143963144
-0.8363838946638168,0.5072604925726073,0.0,0.0,1.0,0.0,0.0,0.0,1.0,85187.10130191705
0.26634603589408506,-1.651805212394745,0.0,1.0,1.0,0.0,0.0,0.0,1.0,33510.51066927126
0.5604073507095255,-0.332376170470252,1.0,1.0,1.0,0.0,0.0,0.0,1.0,73697.62106735456
1.5161066238597072,1.5867933450562834,0.0,3.0,1.0,0.0,0.0,0.0,1.0,69651.92836465492
1.442591295155847,0.5072604925726073,2.0,1.0,0.0,1.0,0.0,0.0,1.0,121353.82392009476
-0.2482612650329358,0.5072604925726073,2.0,1.0,0.0,1.0,0.0,1.0,0.0,106561.96202860876
-0.10123060762521557,1.3468971556154665,2.0,3.0,0.0,0.0,1.0,1.0,0.0,124104.54331743425
-1.571537181702418,0.9870528714542411,0.0,2.0,1.0,0.0,0.0,1.0,0.0,87280.28107021368
-0.32177659373679596,0.14741620841138192,0.0,3.0,1.0,0.0,0.0,1.0,0.0,71569.68316840629
0.41337669330180526,0.14741620841138192,2.0,1.0,0.0,1.0,0.0,1.0,0.0,88637.58195699849
-0.8363838946638168,1.706741439776692,0.0,0.0,0.0,1.0,0.0,1.0,0.0,100232.15890892466
1.2220453090442667,-0.8121685493518859,2.0,1.0,0.0,1.0,0.0,0.0,1.0,88909.6767374791
-0.983414552071537,1.5867933450562834,3.0,0.0,1.0,0.0,0.0,1.0,0.0,156548.29755806783
0.1193153784863648,1.2269490608950582,2.0,0.0,0.0,0.0,1.0,0.0,1.0,139636.67478801086
-1.3509911955908376,1.3468971556154665,3.0,0.0,0.0,0.0,1.0,0.0,1.0,167570.6946285781
0.26634603589408506,1.466845250335875,3.0,2.0,0.0,1.0,0.0,1.0,0.0,142195.40754437845
1.5161066238597072,1.2269490608950582,0.0,2.0,0.0,1.0,0.0,0.0,1.0,84322.32758479813
-0.10123060762521557,-0.2124280757498435,1.0,3.0,0.0,1.0,0.0,0.0,1.0,82088.40331077647
-0.6158379085522364,-0.09247998102943503,1.0,2.0,0.0,1.0,0.0,0.0,1.0,109825.91370470892
0.4868920220056654,0.5072604925726073,1.0,0.0,0.0,0.0,1.0,1.0,0.0,122680.03659280542
-1.571537181702418,0.027468113690973444,0.0,1.0,0.0,0.0,1.0,1.0,0.0,73688.88707585666
-0.6158379085522364,0.027468113690973444,0.0,1.0,0.0,1.0,0.0,0.0,1.0,62136.81719189974
-1.645052510406278,0.7471566820134242,3.0,0.0,0.0,0.0,1.0,1.0,0.0,157152.82147906447
-0.5423225798483763,-0.8121685493518859,3.0,1.0,0.0,1.0,0.0,1.0,0.0,123610.02888497636
0.7809533368211059,1.1070009661746496,1.0,1.0,0.0,0.0,1.0,0.0,1.0,106774.33933793784
0.7074380081172458,-0.2124280757498435,3.0,2.0,1.0,0.0,0.0,1.0,0.0,133151.46785628842
1.0750146516365464,-0.332376170470252,0.0,0.0,1.0,0.0,0.0,0.0,1.0,93416.47945476102
-1.2774758668869775,0.8671047767338327,3.0,1.0,0.0,0.0,1.0,1.0,0.0,149741.55027515185
0.5604073507095255,1.5867933450562834,0.0,1.0,0.0,1.0,0.0,1.0,0.0,61353.01960611086
1.369075966451987,-0.2124280757498435,1.0,1.0,0.0,0.0,1.0,0.0,1.0,92303.7888478305
-0.983414552071537,0.14741620841138192,2.0,0.0,0.0,1.0,0.0,0.0,1.0,130573.98071508964
-1.1304452094792572,1.1070009661746496,2.0,0.0,0.0,1.0,0.0,0.0,1.0,142882.8881396824
0.5604073507095255,-0.332376170470252,0.0,3.0,0.0,1.0,0.0,1.0,0.0,78159.76528026743
-0.10123060762521557,-0.09247998102943503,2.0,3.0,0.0,1.0,0.0,0.0,1.0,99794.6183690856
0.5604073507095255,0.027468113690973444,1.0,1.0,0.0,0.0,1.0,1.0,0.0,73797.25897577438
1.369075966451987,0.5072604925726073,3.0,2.0,0.0,0.0,1.0,1.0,0.0,160061.91472851046
-1.056929880775397,-1.1720128335131113,3.0,2.0,1.0,0.0,0.0,1.0,0.0,115015.15355069588
-1.571537181702418,1.706741439776692,3.0,0.0,0.0,1.0,0.0,1.0,0.0,157137.80486078965
-0.10123060762521557,-1.5318571176743365,1.0,0.0,1.0,0.0,0.0,0.0,1.0,94046.2089341965
-1.056929880775397,0.38731239785219884,2.0,3.0,0.0,0.0,1.0,0.0,1.0,111138.98178838645
-1.645052510406278,0.38731239785219884,1.0,3.0,0.0,0.0,1.0,0.0,1.0,82077.89371684402
0.33986136459794514,1.1070009661746496,2.0,0.0,0.0,1.0,0.0,0.0,1.0,139341.89767415726
0.1928307071902249,1.3468971556154665,3.0,2.0,0.0,0.0,1.0,1.0,0.0,148185.1534103814
0.4868920220056654,0.2673643031317904,2.0,3.0,0.0,1.0,0.0,0.0,1.0,117978.59877870268
-1.1304452094792572,-0.5722723599110688,1.0,3.0,1.0,0.0,0.0,0.0,1.0,74939.23443921345
0.26634603589408506,1.466845250335875,2.0,1.0,0.0,1.0,0.0,1.0,0.0,110115.53861279202
0.6339226794133856,0.2673643031317904,3.0,2.0,0.0,0.0,1.0,0.0,1.0,144899.99460889792
-0.6158379085522364,-1.4119090229539282,3.0,1.0,0.0,0.0,1.0,0.0,1.0,128521.5347683867
-0.2482612650329358,0.14741620841138192,0.0,3.0,0.0,0.0,1.0,0.0,1.0,85079.04081637684
-1.056929880775397,0.38731239785219884,0.0,3.0,1.0,0.0,0.0,1.0,0.0,57067.7381754028
1.2220453090442667,0.7471566820134242,2.0,3.0,0.0,1.0,0.0,0.0,1.0,143997.07649086916
0.4868920220056654,-0.9321166440722943,1.0,3.0,1.0,0.0,0.0,0.0,1.0,73742.23675414972
0.045800049782504675,-1.651805212394745,3.0,0.0,0.0,0.0,1.0,0.0,1.0,129475.842710405
-0.6893532372560965,-0.9321166440722943,1.0,2.0,0.0,1.0,0.0,1.0,0.0,100882.31990048778
1.2955606377481268,-0.2124280757498435,2.0,2.0,1.0,0.0,0.0,1.0,0.0,109383.27542645649
-1.571537181702418,0.9870528714542411,2.0,2.0,0.0,1.0,0.0,0.0,1.0,149537.1950783965
0.1928307071902249,0.14741620841138192,1.0,2.0,0.0,0.0,1.0,0.0,1.0,114474.08355481534
0.1193153784863648,-0.45232426519066044,0.0,1.0,1.0,0.0,0.0,1.0,0.0,54012.80153691232
0.5604073507095255,-1.4119090229539282,2.0,1.0,0.0,1.0,0.0,0.0,1.0,108753.06877732204
1.369075966451987,-0.6922204546314773,3.0,1.0,0.0,1.0,0.0,0.0,1.0,127491.15211470446
-0.46880725114451616,-0.9321166440722943,0.0,3.0,0.0,0.0,1.0,1.0,0.0,54711.0480306511
-0.8363838946638168,0.9870528714542411,2.0,0.0,0.0,0.0,1.0,0.0,1.0,151883.94109572403
1.2220453090442667,0.8671047767338327,0.0,2.0,0.0,0.0,1.0,0.0,1.0,86835.1255805155
-1.1304452094792572,-1.4119090229539282,3.0,0.0,1.0,0.0,0.0,0.0,1.0,132166.73714753325
1.1485299803404065,0.8671047767338327,2.0,2.0,1.0,0.0,0.0,0.0,1.0,123310.5444921746
-0.10123060762521557,-1.651805212394745,1.0,2.0,0.0,1.0,0.0,1.0,0.0,77209.03987733739
0.1193153784863648,-0.45232426519066044,2.0,1.0,0.0,1.0,0.0,0.0,1.0,87666.57721109298
1.0750146516365464,-0.2124280757498435,1.0,3.0,1.0,0.0,0.0,0.0,1.0,86677.84010920297
1.5161066238597072,-1.2919609282335196,0.0,3.0,0.0,1.0,0.0,1.0,0.0,45117.665013301375
1.0014993229326863,-0.5722723599110688,1.0,0.0,1.0,0.0,0.0,0.0,1.0,74247.97373230735
0.7074380081172458,1.3468971556154665,1.0,3.0,0.0,1.0,0.0,1.0,0.0,92638.9439562857
-0.983414552071537,-0.8121685493518859,2.0,1.0,1.0,0.0,0.0,0.0,1.0,96310.92421488398
1.2955606377481268,1.5867933450562834,2.0,2.0,0.0,1.0,0.0,0.0,1.0,130301.18866430037
-0.46880725114451616,1.5867933450562834,3.0,0.0,0.0,1.0,0.0,0.0,1.0,175671.30940620071
0.9279839942288262,0.2673643031317904,0.0,1.0,1.0,0.0,0.0,1.0,0.0,63837.53495431689
-1.4245065242946977,-0.45232426519066044,1.0,2.0,0.0,0.0,1.0,0.0,1.0,93336.9034805292
1.2220453090442667,-1.1720128335131113,0.0,3.0,1.0,0.0,0.0,1.0,0.0,50604.16449520506
1.0750146516365464,0.38731239785219884,3.0,0.0,1.0,0.0,0.0,0.0,1.0,133634.5864073082
-1.4245065242946977,-1.2919609282335196,0.0,0.0,0.0,0.0,1.0,0.0,1.0,94857.97224705933
1.2955606377481268,-1.0520647387927027,0.0,2.0,0.0,1.0,0.0,0.0,1.0,57188.99913917042
0.9279839942288262,1.1070009661746496,2.0,3.0,0.0,0.0,1.0,1.0,0.0,114795.9236788073
-1.571537181702418,-0.9321166440722943,0.0,0.0,0.0,0.0,1.0,0.0,1.0,85397.13779571372
-1.4245065242946977,1.5867933450562834,3.0,3.0,0.0,0.0,1.0,1.0,0.0,148023.53264490823
-0.8363838946638168,-0.332376170470252,1.0,3.0,0.0,1.0,0.0,0.0,1.0,71973.49636490211
-1.4245065242946977,-1.4119090229539282,0.0,2.0,1.0,0.0,0.0,1.0,0.0,53944.64204780505
-0.7628685659599567,1.706741439776692,3.0,1.0,0.0,0.0,1.0,0.0,1.0,146650.40602239317
0.7074380081172458,-0.8121685493518859,2.0,3.0,0.0,1.0,0.0,0.0,1.0,114297.23358996994
1.2220453090442667,0.6272085872930158,1.0,0.0,0.0,1.0,0.0,1.0,0.0,118490.03562090176
-1.645052510406278,0.7471566820134242,3.0,0.0,1.0,0.0,0.0,0.0,1.0,150741.90238409146
0.045800049782504675,-0.5722723599110688,0.0,0.0,1.0,0.0,0.0,1.0,0.0,64375.91266129869
-1.1304452094792572,1.1070009661746496,1.0,0.0,0.0,0.0,1.0,0.0,1.0,117826.5765344791
-1.571537181702418,-1.651805212394745,2.0,2.0,0.0,1.0,0.0,0.0,1.0,111214.94241311056
0.854468665524966,0.2673643031317904,0.0,3.0,1.0,0.0,0.0,1.0,0.0,77809.46669854887
-0.6893532372560965,0.38731239785219884,0.0,2.0,0.0,0.0,1.0,1.0,0.0,96893.75908155256
0.5604073507095255,-0.6922204546314773,0.0,1.0,0.0,1.0,0.0,0.0,1.0,60380.71644445607
-0.10123060762521557,0.6272085872930158,2.0,3.0,0.0,1.0,0.0,1.0,0.0,127046.00466649178
-0.39529192244065603,0.8671047767338327,1.0,3.0,1.0,0.0,0.0,0.0,1.0,120814.60713163964
0.045800049782504675,1.466845250335875,3.0,3.0,0.0,1.0,0.0,1.0,0.0,136061.38084617312
0.9279839942288262,0.14741620841138192,0.0,1.0,0.0,1.0,0.0,0.0,1.0,58368.84204654964
0.7809533368211059,0.2673643031317904,0.0,2.0,1.0,0.0,0.0,0.0,1.0,92184.82925779722
-1.2039605381831173,0.38731239785219884,0.0,3.0,0.0,1.0,0.0,0.0,1.0,75354.64525385419
0.1193153784863648,-0.45232426519066044,0.0,3.0,0.0,1.0,0.0,1.0,0.0,67123.0768842727
0.854468665524966,0.38731239785219884,1.0,0.0,0.0,0.0,1.0,1.0,0.0,121923.74327659124
1.2955606377481268,-1.2919609282335196,3.0,1.0,0.0,1.0,0.0,1.0,0.0,107455.1349481504
1.1485299803404065,-0.8121685493518859,2.0,0.0,1.0,0.0,0.0,1.0,0.0,107652.04715249412
-0.983414552071537,-0.5722723599110688,2.0,0.0,0.0,1.0,0.0,1.0,0.0,117228.52490451687
0.1193153784863648,-1.2919609282335196,1.0,2.0,1.0,0.0,0.0,0.0,1.0,96459.46256831016
0.4868920220056654,-0.8121685493518859,0.0,0.0,1.0,0.0,0.0,1.0,0.0,63633.59335315418
-1.2774758668869775,0.2673643031317904,1.0,1.0,0.0,1.0,0.0,1.0,0.0,91986.54645648548
0.1928307071902249,-1.4119090229539282,1.0,1.0,1.0,0.0,0.0,1.0,0.0,62423.1253997449
-1.3509911955908376,-1.1720128335131113,1.0,3.0,0.0,0.0,1.0,1.0,0.0,81466.33111284656
1.1485299803404065,1.466845250335875,3.0,2.0,1.0,0.0,0.0,1.0,0.0,154429.50976608333
-1.645052510406278,-1.1720128335131113,3.0,3.0,0.0,0.0,1.0,1.0,0.0,133439.88913357895
-0.6158379085522364,-0.9321166440722943,1.0,0.0,1.0,0.0,0.0,1.0,0.0,100429.76537866936
-0.983414552071537,-1.651805212394745,1.0,3.0,0.0,1.0,0.0,1.0,0.0,57268.803376339936
1.0014993229326863,0.38731239785219884,3.0,1.0,1.0,0.0,0.0,1.0,0.0,138709.6470867579
0.41337669330180526,1.1070009661746496,1.0,1.0,1.0,0.0,0.0,1.0,0.0,102101.9651719956
-0.5423225798483763,0.9870528714542411,3.0,0.0,1.0,0.0,0.0,1.0,0.0,153914.36833191148
-1.4980218529985578,0.8671047767338327,3.0,3.0,0.0,0.0,1.0,0.0,1.0,142102.5781695941
1.0014993229326863,-1.0520647387927027,2.0,1.0,0.0,0.0,1.0,0.0,1.0,119014.49208620156
-1.1304452094792572,1.1070009661746496,2.0,1.0,0.0,0.0,1.0,1.0,0.0,128472.24271293728
-0.39529192244065603,1.5867933450562834,3.0,2.0,0.0,0.0,1.0,1.0,0.0,157707.05596425082
0.6339226794133856,0.6272085872930158,1.0,3.0,0.0,0.0,1.0,0.0,1.0,97076.61324148857
1.5161066238597072,0.027468113690973444,1.0,3.0,0.0,1.0,0.0,1.0,0.0,88064.62888988973
1.369075966451987,1.5867933450562834,1.0,2.0,1.0,0.0,0.0,1.0,0.0,119772.32054397164
-0.5423225798483763,0.9870528714542411,2.0,1.0,1.0,0.0,0.0,0.0,1.0,118399.91784706688
0.41337669330180526,-0.6922204546314773,0.0,2.0,0.0,1.0,0.0,0.0,1.0,57865.76988501196
1.442591295155847,1.2269490608950582,3.0,2.0,0.0,1.0,0.0,0.0,1.0,154646.42398866065
0.6339226794133856,1.706741439776692,0.0,2.0,0.0,1.0,0.0,1.0,0.0,102641.21331377608
-0.027715278921355446,-1.4119090229539282,0.0,1.0,0.0,1.0,0.0,1.0,0.0,37935.36834028282
0.045800049782504675,1.466845250335875,1.0,0.0,0.0,0.0,1.0,0.0,1.0,126970.35248561678
-1.3509911955908376,0.38731239785219884,0.0,0.0,1.0,0.0,0.0,1.0,0.0,70229.56393623482
-1.645052510406278,1.706741439776692,1.0,0.0,0.0,1.0,0.0,1.0,0.0,125294.92835941388
-0.39529192244065603,0.14741620841138192,0.0,2.0,0.0,1.0,0.0,1.0,0.0,60167.65498087052
-1.2039605381831173,0.2673643031317904,3.0,0.0,1.0,0.0,0.0,1.0,0.0,140182.54476292082
-1.3509911955908376,-0.6922204546314773,2.0,3.0,0.0,1.0,0.0,1.0,0.0,97889.34085504863
-0.8363838946638168,1.5867933450562834,2.0,0.0,0.0,0.0,1.0,0.0,1.0,140911.50179857394
0.7074380081172458,1.1070009661746496,1.0,1.0,0.0,0.0,1.0,0.0,1.0,113515.28016974566
-0.46880725114451616,-0.2124280757498435,0.0,2.0,0.0,0.0,1.0,0.0,1.0,88355.10569739103
-1.4980218529985578,-0.8121685493518859,0.0,2.0,0.0,1.0,0.0,0.0,1.0,69004.311396766
-0.9098992233676769,-0.2124280757498435,0.0,0.0,1.0,0.0,0.0,0.0,1.0,73669.22159105899
1.2220453090442667,-1.651805212394745,0.0,2.0,0.0,1.0,0.0,0.0,1.0,63612.23683154768
1.1485299803404065,0.7471566820134242,0.0,2.0,1.0,0.0,0.0,0.0,1.0,70708.87031700685
1.2220453090442667,-0.332376170470252,3.0,2.0,0.0,0.0,1.0,0.0,1.0,151730.80004149664
-1.645052510406278,-0.332376170470252,2.0,2.0,0.0,0.0,1.0,0.0,1.0,141967.66001547786
-0.983414552071537,-0.6922204546314773,1.0,3.0,1.0,0.0,0.0,1.0,0.0,89531.99898082111
-0.8363838946638168,-1.651805212394745,0.0,1.0,0.0,1.0,0.0,0.0,1.0,54316.90345545149
1.5896219525635673,0.7471566820134242,2.0,3.0,0.0,1.0,0.0,1.0,0.0,114343.71216706854
-0.39529192244065603,-0.09247998102943503,3.0,0.0,0.0,1.0,0.0,1.0,0.0,144948.93710538538
1.0014993229326863,1.706741439776692,3.0,0.0,0.0,0.0,1.0,0.0,1.0,186452.84572687597
1.369075966451987,-0.09247998102943503,3.0,2.0,0.0,1.0,0.0,0.0,1.0,133240.64392478464
-1.2774758668869775,-1.0520647387927027,3.0,2.0,1.0,0.0,0.0,0.0,1.0,141610.9855689575
1.369075966451987,0.14741620841138192,0.0,0.0,0.0,1.0,0.0,0.0,1.0,79684.60757979851
1.1485299803404065,-0.8121685493518859,2.0,2.0,0.0,1.0,0.0,1.0,0.0,110037.68345601793
1.0014993229326863,0.5072604925726073,1.0,3.0,1.0,0.0,0.0,0.0,1.0,71859.43407279214
-1.3509911955908376,-1.1720128335131113,0.0,2.0,1.0,0.0,0.0,1.0,0.0,66592.3420122828
-0.8363838946638168,0.027468113690973444,3.0,3.0,0.0,0.0,1.0,0.0,1.0,122362.72378123792
1.2220453090442667,-0.2124280757498435,3.0,1.0,0.0,0.0,1.0,0.0,1.0,144650.49406790442
0.4868920220056654,1.3468971556154665,3.0,3.0,0.0,1.0,0.0,1.0,0.0,145122.7227166107
1.5161066238597072,1.1070009661746496,3.0,0.0,0.0,1.0,0.0,0.0,1.0,164373.96746876818
-0.8363838946638168,-1.0520647387927027,0.0,0.0,0.0,0.0,1.0,1.0,0.0,88826.7844916477
1.442591295155847,0.2673643031317904,2.0,0.0,0.0,1.0,0.0,1.0,0.0,121074.59185608862
0.7074380081172458,-1.1720128335131113,1.0,3.0,0.0,1.0,0.0,1.0,0.0,81241.18287733827
-1.571537181702418,-0.5722723599110688,2.0,1.0,1.0,0.0,0.0,1.0,0.0,113370.80687867744
1.5896219525635673,-1.1720128335131113,2.0,0.0,0.0,1.0,0.0,1.0,0.0,120085.54926006313
0.854468665524966,0.2673643031317904,1.0,2.0,1.0,0.0,0.0,1.0,0.0,86829.83798375187
1.442591295155847,0.5072604925726073,3.0,3.0,0.0,0.0,1.0,1.0,0.0,120476.57343304963
1.442591295155847,-1.0520647387927027,3.0,1.0,0.0,1.0,0.0,1.0,0.0,108866.73009607923
1.5896219525635673,0.8671047767338327,0.0,3.0,1.0,0.0,0.0,0.0,1.0,54377.71102459122
-0.9098992233676769,0.027468113690973444,0.0,3.0,1.0,0.0,0.0,1.0,0.0,73305.17369042597
1.442591295155847,-1.2919609282335196,2.0,1.0,1.0,0.0,0.0,1.0,0.0,96811.67266182243
1.2955606377481268,0.2673643031317904,1.0,3.0,1.0,0.0,0.0,0.0,1.0,78243.1817277945
1.2220453090442667,-1.651805212394745,1.0,0.0,0.0,1.0,0.0,1.0,0.0,102139.81308469428
-0.5423225798483763,0.38731239785219884,0.0,1.0,0.0,0.0,1.0,1.0,0.0,67235.45347043018
0.26634603589408506,1.3468971556154665,3.0,3.0,1.0,0.0,0.0,1.0,0.0,135543.85717225142
1.369075966451987,-0.5722723599110688,0.0,2.0,0.0,0.0,1.0,1.0,0.0,83719.55551564979
1.2955606377481268,0.5072604925726073,2.0,1.0,1.0,0.0,0.0,1.0,0.0,99560.39990960508
1.5896219525635673,-1.5318571176743365,0.0,2.0,1.0,0.0,0.0,0.0,1.0,66182.03348653117
-0.46880725114451616,0.2673643031317904,3.0,3.0,1.0,0.0,0.0,1.0,0.0,110142.71949532448
1.5161066238597072,0.38731239785219884,1.0,2.0,0.0,0.0,1.0,0.0,1.0,109174.7498798797
0.41337669330180526,-0.2124280757498435,2.0,1.0,0.0,0.0,1.0,1.0,0.0,107650.47977612264
-1.645052510406278,-0.9321166440722943,3.0,3.0,0.0,0.0,1.0,0.0,1.0,106536.0686375189
1.5896219525635673,1.706741439776692,2.0,1.0,0.0,1.0,0.0,1.0,0.0,100903.09807268513
-1.4980218529985578,0.6272085872930158,1.0,3.0,0.0,0.0,1.0,0.0,1.0,81404.76394373074
-0.027715278921355446,-1.1720128335131113,0.0,0.0,0.0,1.0,0.0,0.0,1.0,84143.06833923951
0.1193153784863648,-1.2919609282335196,0.0,0.0,0.0,1.0,0.0,0.0,1.0,80239.5962687166
1.5896219525635673,-0.9321166440722943,1.0,0.0,0.0,0.0,1.0,1.0,0.0,109739.5757717404
-0.2482612650329358,-1.1720128335131113,0.0,2.0,1.0,0.0,0.0,0.0,1.0,51736.21507491839
0.5604073507095255,0.5072604925726073,0.0,2.0,1.0,0.0,0.0,0.0,1.0,90389.73810666264
-0.6893532372560965,0.6272085872930158,2.0,0.0,0.0,1.0,0.0,0.0,1.0,144828.4121981739
-1.1304452094792572,-0.9321166440722943,0.0,1.0,1.0,0.0,0.0,1.0,0.0,44330.36964976672
-0.2482612650329358,-0.2124280757498435,0.0,1.0,1.0,0.0,0.0,0.0,1.0,69760.60276453797
0.9279839942288262,-1.2919609282335196,1.0,3.0,0.0,1.0,0.0,0.0,1.0,76490.7760321884
0.4868920220056654,0.027468113690973444,3.0,1.0,0.0,0.0,1.0,1.0,0.0,112237.94975989968
-0.1747459363290757,0.6272085872930158,1.0,1.0,0.0,1.0,0.0,0.0,1.0,73673.05233849108
-1.056929880775397,1.706741439776692,1.0,2.0,0.0,0.0,1.0,1.0,0.0,126337.23487855004
-0.9098992233676769,1.2269490608950582,1.0,1.0,0.0,0.0,1.0,1.0,0.0,98959.5118933102
1.369075966451987,0.38731239785219884,1.0,1.0,0.0,1.0,0.0,1.0,0.0,96812.24946453932
0.854468665524966,-1.2919609282335196,3.0,3.0,1.0,0.0,0.0,0.0,1.0,113116.26875267588
-0.8363838946638168,1.5867933450562834,1.0,0.0,0.0,0.0,1.0,1.0,0.0,130676.7089336078
-1.056929880775397,-1.2919609282335196,2.0,0.0,0.0,1.0,0.0,0.0,1.0,140235.26422980177
-0.10123060762521557,-1.5318571176743365,0.0,2.0,0.0,1.0,0.0,1.0,0.0,80968.49087631401
-1.3509911955908376,0.8671047767338327,2.0,2.0,0.0,1.0,0.0,0.0,1.0,122671.7273138959
-1.1304452094792572,0.6272085872930158,0.0,3.0,0.0,0.0,1.0,1.0,0.0,83749.68724703127
-0.10123060762521557,0.9870528714542411,3.0,2.0,1.0,0.0,0.0,0.0,1.0,147944.4544306179
-0.027715278921355446,1.5867933450562834,3.0,3.0,1.0,0.0,0.0,0.0,1.0,145613.91167496107
-1.2039605381831173,-1.1720128335131113,1.0,0.0,0.0,1.0,0.0,1.0,0.0,100710.0880518803
-0.2482612650329358,1.2269490608950582,3.0,0.0,0.0,0.0,1.0,0.0,1.0,160064.68149504965
1.5161066238597072,0.8671047767338327,0.0,3.0,1.0,0.0,0.0,0.0,1.0,71963.77182763499
-1.2039605381831173,-0.8121685493518859,3.0,0.0,0.0,1.0,0.0,0.0,1.0,138197.12890521623
0.7074380081172458,-0.45232426519066044,2.0,1.0,1.0,0.0,0.0,1.0,0.0,112833.67281239793
1.0750146516365464,-0.45232426519066044,0.0,1.0,1.0,0.0,0.0,1.0,0.0,68407.26238835322
-0.027715278921355446,0.38731239785219884,3.0,0.0,0.0,0.0,1.0,1.0,0.0,155963.8498112061
1.369075966451987,1.466845250335875,3.0,3.0,0.0,1.0,0.0,0.0,1.0,146282.9226069381
-0.10123060762521557,1.2269490608950582,3.0,1.0,1.0,0.0,0.0,1.0,0.0,128345.40735764313
-0.8363838946638168,0.5072604925726073,0.0,1.0,1.0,0.0,0.0,1.0,0.0,75932.41135968213
1.5161066238597072,0.2673643031317904,1.0,0.0,0.0,0.0,1.0,1.0,0.0,127488.80516417992
-1.4245065242946977,-1.651805212394745,3.0,2.0,0.0,0.0,1.0,1.0,0.0,136686.10832710887
0.7074380081172458,-1.1720128335131113,3.0,2.0,1.0,0.0,0.0,1.0,0.0,133712.64269614525
0.4868920220056654,-1.4119090229539282,2.0,0.0,0.0,0.0,1.0,0.0,1.0,129605.7080804158
-0.10123060762521557,1.5867933450562834,1.0,0.0,0.0,0.0,1.0,1.0,0.0,139740.61853808298
-0.39529192244065603,-0.09247998102943503,3.0,1.0,0.0,1.0,0.0,1.0,0.0,129311.31373329196
-1.2774758668869775,-1.5318571176743365,3.0,3.0,0.0,1.0,0.0,0.0,1.0,118519.00529114524
0.33986136459794514,1.5867933450562834,1.0,3.0,1.0,0.0,0.0,1.0,0.0,92227.74376400762
-1.571537181702418,-1.4119090229539282,1.0,1.0,1.0,0.0,0.0,0.0,1.0,52282.49262506818
0.7809533368211059,-1.4119090229539282,0.0,1.0,1.0,0.0,0.0,0.0,1.0,47721.51619493288
1.2955606377481268,0.6272085872930158,0.0,3.0,0.0,0.0,1.0,1.0,0.0,72589.44466595871
1.5161066238597072,0.7471566820134242,3.0,2.0,0.0,1.0,0.0,1.0,0.0,146600.09066957125
1.2220453090442667,1.466845250335875,2.0,2.0,1.0,0.0,0.0,0.0,1.0,138404.8842418709
1.5161066238597072,-0.2124280757498435,0.0,3.0,0.0,1.0,0.0,0.0,1.0,69728.24675440353
1.0750146516365464,-0.8121685493518859,0.0,0.0,0.0,0.0,1.0,1.0,0.0,83849.98328890376
0.5604073507095255,0.8671047767338327,3.0,0.0,0.0,1.0,0.0,0.0,1.0,148468.7137513836
-0.32177659373679596,-0.09247998102943503,2.0,1.0,0.0,0.0,1.0,0.0,1.0,94698.64792576068
-0.5423225798483763,0.38731239785219884,1.0,2.0,1.0,0.0,0.0,0.0,1.0,111328.05335357488
1.2955606377481268,1.466845250335875,2.0,0.0,0.0,0.0,1.0,0.0,1.0,129233.0898107075
0.4868920220056654,0.6272085872930158,3.0,0.0,0.0,0.0,1.0,0.0,1.0,150652.1697376894
-1.3509911955908376,-0.2124280757498435,2.0,0.0,0.0,0.0,1.0,0.0,1.0,109867.98066302932
1.442591295155847,0.38731239785219884,3.0,3.0,0.0,0.0,1.0,0.0,1.0,134838.58424250284
-0.1747459363290757,-1.651805212394745,3.0,1.0,1.0,0.0,0.0,0.0,1.0,102577.15440239418
-0.46880725114451616,-1.5318571176743365,0.0,1.0,0.0,1.0,0.0,0.0,1.0,47957.05579370506
-0.10123060762521557,-1.1720128335131113,3.0,2.0,1.0,0.0,0.0,1.0,0.0,124368.70100023596
-1.4980218529985578,-0.45232426519066044,2.0,0.0,1.0,0.0,0.0,1.0,0.0,112787.3492558224
-0.1747459363290757,-0.45232426519066044,2.0,1.0,0.0,0.0,1.0,0.0,1.0,96863.44359511268
0.1193153784863648,-1.651805212394745,0.0,3.0,1.0,0.0,0.0,0.0,1.0,69178.26413261076
1.5161066238597072,1.706741439776692,3.0,3.0,0.0,0.0,1.0,1.0,0.0,145659.3705163663
-0.1747459363290757,1.466845250335875,2.0,3.0,0.0,1.0,0.0,1.0,0.0,131076.58624946763
-0.5423225798483763,-1.4119090229539282,1.0,0.0,0.0,0.0,1.0,0.0,1.0,94632.28957347012
0.7809533368211059,1.706741439776692,0.0,3.0,0.0,1.0,0.0,1.0,0.0,100127.28594752088
0.1193153784863648,-1.5318571176743365,3.0,0.0,1.0,0.0,0.0,0.0,1.0,147141.82131007797
0.1193153784863648,-0.09247998102943503,1.0,1.0,0.0,0.0,1.0,0.0,1.0,91310.18682217276
1.2955606377481268,0.6272085872930158,2.0,3.0,0.0,1.0,0.0,0.0,1.0,104004.68407030516
0.33986136459794514,0.14741620841138192,1.0,0.0,1.0,0.0,0.0,0.0,1.0,106870.0138572766
-1.4245065242946977,0.38731239785219884,1.0,2.0,0.0,1.0,0.0,1.0,0.0,103473.04500041057
-0.2482612650329358,-1.1720128335131113,0.0,1.0,0.0,0.0,1.0,0.0,1.0,62396.23914089497
-0.7628685659599567,-0.8121685493518859,1.0,1.0,0.0,1.0,0.0,0.0,1.0,68217.7938380033
1.5896219525635673,0.8671047767338327,1.0,0.0,0.0,1.0,0.0,1.0,0.0,101769.99863820703
-0.9098992233676769,-0.9321166440722943,3.0,0.0,0.0,1.0,0.0,0.0,1.0,143623.63037382034
-0.983414552071537,-0.5722723599110688,1.0,1.0,1.0,0.0,0.0,0.0,1.0,74897.08683666281
0.41337669330180526,0.14741620841138192,3.0,0.0,0.0,1.0,0.0,0.0,1.0,151020.75021919367
0.6339226794133856,0.5072604925726073,2.0,3.0,0.0,1.0,0.0,0.0,1.0,124268.00578850968
0.045800049782504675,0.8671047767338327,0.0,0.0,0.0,1.0,0.0,1.0,0.0,82248.39516968635
-0.6893532372560965,1.706741439776692,1.0,1.0,0.0,1.0,0.0,0.0,1.0,109106.93715987806
-1.2774758668869775,-0.45232426519066044,1.0,3.0,0.0,0.0,1.0,0.0,1.0,83567.72459982682
1.2955606377481268,0.5072604925726073,3.0,0.0,0.0,0.0,1.0,1.0,0.0,155047.7793414994
-1.1304452094792572,-1.4119090229539282,3.0,3.0,1.0,0.0,0.0,0.0,1.0,104742.20636748728
1.369075966451987,0.38731239785219884,0.0,0.0,0.0,1.0,0.0,0.0,1.0,93896.19857839252
-0.46880725114451616,-1.2919609282335196,1.0,1.0,1.0,0.0,0.0,0.0,1.0,49941.82125200072
1.2220453090442667,1.2269490608950582,2.0,1.0,0.0,1.0,0.0,1.0,0.0,109319.14279712806
0.9279839942288262,0.6272085872930158,0.0,3.0,0.0,0.0,1.0,1.0,0.0,74842.43454714648
1.442591295155847,0.2673643031317904,1.0,1.0,0.0,1.0,0.0,1.0,0.0,99639.30202363194
0.41337669330180526,1.1070009661746496,2.0,1.0,1.0,0.0,0.0,0.0,1.0,110506.98143787218
-0.39529192244065603,-0.2124280757498435,1.0,3.0,0.0,1.0,0.0,1.0,0.0,94955.18311496305
1.0750146516365464,-1.2919609282335196,2.0,3.0,0.0,0.0,1.0,1.0,0.0,104059.38814386504
-1.571537181702418,-0.09247998102943503,1.0,1.0,1.0,0.0,0.0,0.0,1.0,68510.99628537285
-0.39529192244065603,1.2269490608950582,3.0,3.0,0.0,1.0,0.0,1.0,0.0,149072.04868183247
0.5604073507095255,-1.4119090229539282,2.0,3.0,0.0,0.0,1.0,0.0,1.0,94545.58657932431
0.854468665524966,0.7471566820134242,3.0,0.0,0.0,1.0,0.0,0.0,1.0,150737.56659227243
-1.4245065242946977,-1.2919609282335196,1.0,2.0,0.0,0.0,1.0,0.0,1.0,95820.99778809566
0.7809533368211059,0.38731239785219884,2.0,1.0,1.0,0.0,0.0,0.0,1.0,112455.38789447106
1.5161066238597072,-0.2124280757498435,3.0,1.0,1.0,0.0,0.0,0.0,1.0,115986.15456717256
0.1928307071902249,-0.9321166440722943,2.0,0.0,0.0,1.0,0.0,1.0,0.0,137105.24731983276
-1.571537181702418,-0.45232426519066044,2.0,1.0,0.0,0.0,1.0,0.0,1.0,100285.215849479
0.854468665524966,-0.45232426519066044,2.0,1.0,1.0,0.0,0.0,0.0,1.0,102655.89286954633
1.2220453090442667,-1.0520647387927027,0.0,1.0,0.0,1.0,0.0,0.0,1.0,56036.16300950703
1.2955606377481268,-0.45232426519066044,3.0,3.0,0.0,1.0,0.0,1.0,0.0,141466.7183821242
-0.32177659373679596,-0.6922204546314773,2.0,1.0,0.0,1.0,0.0,1.0,0.0,101144.06013260984
1.369075966451987,0.14741620841138192,2.0,1.0,0.0,0.0,1.0,1.0,0.0,92226.87181943902
-0.10123060762521557,1.5867933450562834,3.0,2.0,0.0,1.0,0.0,1.0,0.0,163883.35209809509
0.41337669330180526,-1.1720128335131113,2.0,0.0,0.0,0.0,1.0,0.0,1.0,124184.51486659472
-1.571537181702418,0.6272085872930158,2.0,0.0,0.0,1.0,0.0,0.0,1.0,129469.38088931618
1.369075966451987,0.9870528714542411,0.0,3.0,0.0,0.0,1.0,0.0,1.0,95229.6476192084
1.1485299803404065,-1.0520647387927027,1.0,1.0,0.0,1.0,0.0,1.0,0.0,72686.91363970499
-0.7628685659599567,-1.2919609282335196,0.0,1.0,0.0,1.0,0.0,0.0,1.0,59999.86743162342
-0.5423225798483763,-0.8121685493518859,3.0,1.0,0.0,0.0,1.0,0.0,1.0,115316.16680702324
0.41337669330180526,1.2269490608950582,2.0,1.0,1.0,0.0,0.0,0.0,1.0,101638.69873172011
0.1928307071902249,1.2269490608950582,0.0,3.0,1.0,0.0,0.0,1.0,0.0,93105.81760583611
-0.027715278921355446,0.14741620841138192,0.0,2.0,1.0,0.0,0.0,1.0,0.0,68129.67262737315
0.33986136459794514,0.14741620841138192,2.0,0.0,0.0,0.0,1.0,0.0,1.0,130152.29063582532
-0.6893532372560965,-0.45232426519066044,3.0,2.0,1.0,0.0,0.0,1.0,0.0,113916.79208132316
0.7809533368211059,0.6272085872930158,1.0,1.0,0.0,1.0,0.0,1.0,0.0,106299.82244007823
-0.6158379085522364,-0.09247998102943503,3.0,2.0,0.0,0.0,1.0,0.0,1.0,147979.983232951
-1.056929880775397,-0.8121685493518859,2.0,2.0,1.0,0.0,0.0,1.0,0.0,110377.79633452596
-1.3509911955908376,1.2269490608950582,2.0,0.0,0.0,1.0,0.0,0.0,1.0,149751.38410578627
-0.10123060762521557,-1.0520647387927027,1.0,2.0,0.0,1.0,0.0,1.0,0.0,77706.63430665733
0.41337669330180526,-0.8121685493518859,1.0,2.0,0.0,0.0,1.0,1.0,0.0,92589.53218080327
-0.027715278921355446,0.5072604925726073,2.0,2.0,1.0,0.0,0.0,1.0,0.0,118085.62268750487
-0.6158379085522364,-0.8121685493518859,3.0,3.0,0.0,1.0,0.0,0.0,1.0,107515.28949271538
-1.645052510406278,1.706741439776692,1.0,3.0,1.0,0.0,0.0,1.0,0.0,112114.27126349953
1.0750146516365464,1.2269490608950582,2.0,3.0,0.0,1.0,0.0,0.0,1.0,119815.70949806632
-0.983414552071537,-1.651805212394745,1.0,2.0,0.0,1.0,0.0,0.0,1.0,82767.113637445
0.7809533368211059,-0.2124280757498435,3.0,3.0,0.0,0.0,1.0,1.0,0.0,135362.25489568285
1.2955606377481268,-0.8121685493518859,2.0,2.0,1.0,0.0,0.0,1.0,0.0,100474.177156632
1.2955606377481268,0.7471566820134242,3.0,2.0,0.0,1.0,0.0,0.0,1.0,146451.13003812966
-1.1304452094792572,-0.6922204546314773,0.0,3.0,1.0,0.0,0.0,1.0,0.0,93275.38547002494
0.26634603589408506,0.14741620841138192,1.0,1.0,1.0,0.0,0.0,0.0,1.0,87046.82030245801
0.4868920220056654,0.7471566820134242,1.0,2.0,1.0,0.0,0.0,0.0,1.0,117683.11059634323
-0.39529192244065603,-1.1720128335131113,2.0,2.0,0.0,0.0,1.0,0.0,1.0,111449.1687754408
-0.9098992233676769,-0.45232426519066044,2.0,0.0,0.0,1.0,0.0,1.0,0.0,118484.31009869062
1.5161066238597072,0.2673643031317904,0.0,3.0,1.0,0.0,0.0,1.0,0.0,70097.03589371659
0.7809533368211059,0.7471566820134242,2.0,0.0,0.0,0.0,1.0,1.0,0.0,127582.95056575965
-1.571537181702418,1.466845250335875,1.0,2.0,1.0,0.0,0.0,1.0,0.0,83930.42234554206
1.1485299803404065,-0.6922204546314773,3.0,0.0,0.0,0.0,1.0,1.0,0.0,156315.92505022138
-0.2482612650329358,0.2673643031317904,2.0,2.0,1.0,0.0,0.0,0.0,1.0,123413.38144972228
0.4868920220056654,0.027468113690973444,0.0,0.0,1.0,0.0,0.0,0.0,1.0,93338.51221753072
-1.2039605381831173,-1.651805212394745,3.0,2.0,1.0,0.0,0.0,1.0,0.0,121281.69873189996
-1.2774758668869775,0.7471566820134242,1.0,3.0,0.0,0.0,1.0,0.0,1.0,120783.72699879664
-1.3509911955908376,1.1070009661746496,2.0,0.0,0.0,0.0,1.0,0.0,1.0,143126.71812942385
-1.4980218529985578,0.14741620841138192,0.0,0.0,0.0,1.0,0.0,0.0,1.0,85460.35259209422
1.2955606377481268,-0.2124280757498435,2.0,1.0,0.0,1.0,0.0,0.0,1.0,72935.01284992674
1.2955606377481268,0.6272085872930158,1.0,1.0,0.0,0.0,1.0,1.0,0.0,94528.34132346758
-0.46880725114451616,1.1070009661746496,2.0,3.0,0.0,1.0,0.0,1.0,0.0,127318.7778505968
-1.1304452094792572,1.1070009661746496,1.0,2.0,0.0,0.0,1.0,1.0,0.0,114068.61198539498
1.2955606377481268,-1.4119090229539282,0.0,1.0,0.0,0.0,1.0,0.0,1.0,69242.2173444676
0.1193153784863648,1.5867933450562834,0.0,3.0,0.0,0.0,1.0,1.0,0.0,110948.81166255393
0.045800049782504675,-0.09247998102943503,1.0,3.0,0.0,1.0,0.0,1.0,0.0,87266.497916228
-0.027715278921355446,-1.4119090229539282,0.0,2.0,1.0,0.0,0.0,0.0,1.0,75312.53559593308
1.369075966451987,0.38731239785219884,2.0,2.0,0.0,1.0,0.0,0.0,1.0,107141.47424819975
-1.2039605381831173,1.1070009661746496,0.0,0.0,1.0,0.0,0.0,0.0,1.0,104313.19104356626
-0.6158379085522364,1.5867933450562834,3.0,0.0,0.0,1.0,0.0,1.0,0.0,163634.90480386768
1.2220453090442667,-0.09247998102943503,1.0,3.0,1.0,0.0,0.0,0.0,1.0,81786.09501652936
0.1193153784863648,0.2673643031317904,2.0,3.0,1.0,0.0,0.0,0.0,1.0,105366.0107999351
0.6339226794133856,1.1070009661746496,0.0,3.0,0.0,0.0,1.0,1.0,0.0,82436.96531661357
-0.1747459363290757,-1.0520647387927027,2.0,0.0,0.0,1.0,0.0,0.0,1.0,117911.9709065475
-0.32177659373679596,1.3468971556154665,3.0,1.0,1.0,0.0,0.0,0.0,1.0,132986.72970149666
0.9279839942288262,-0.8121685493518859,0.0,2.0,0.0,1.0,0.0,1.0,0.0,71257.07865933598
0.7074380081172458,-1.5318571176743365,0.0,3.0,0.0,0.0,1.0,0.0,1.0,50442.07521036797
-0.1747459363290757,0.38731239785219884,1.0,0.0,0.0,0.0,1.0,0.0,1.0,122170.53888992124
0.1193153784863648,-1.4119090229539282,0.0,0.0,1.0,0.0,0.0,1.0,0.0,66921.32051610532
0.7074380081172458,1.706741439776692,1.0,2.0,0.0,0.0,1.0,0.0,1.0,129479.8661479213
0.33986136459794514,0.7471566820134242,0.0,1.0,0.0,1.0,0.0,1.0,0.0,70661.73033427619
1.5896219525635673,-1.5318571176743365,2.0,3.0,0.0,0.0,1.0,0.0,1.0,103270.2395332119
1.0014993229326863,-1.1720128335131113,3.0,2.0,0.0,0.0,1.0,1.0,0.0,114507.68086755334
-0.32177659373679596,0.8671047767338327,3.0,0.0,0.0,0.0,1.0,0.0,1.0,149433.19871831877
-0.027715278921355446,-0.6922204546314773,0.0,1.0,0.0,0.0,1.0,0.0,1.0,73396.1439350745
0.854468665524966,1.706741439776692,2.0,3.0,0.0,1.0,0.0,0.0,1.0,116661.83273973822
0.6339226794133856,0.5072604925726073,1.0,0.0,0.0,1.0,0.0,1.0,0.0,108675.6234100105
-0.32177659373679596,-1.5318571176743365,3.0,0.0,1.0,0.0,0.0,0.0,1.0,129220.6003273172
-0.6158379085522364,0.9870528714542411,3.0,2.0,0.0,0.0,1.0,0.0,1.0,166637.4259282734
-1.1304452094792572,-1.2919609282335196,0.0,0.0,1.0,0.0,0.0,1.0,0.0,77741.37997801583
-0.8363838946638168,0.2673643031317904,2.0,3.0,1.0,0.0,0.0,1.0,0.0,120102.64603383328
-0.9098992233676769,-1.2919609282335196,0.0,0.0,0.0,1.0,0.0,0.0,1.0,76322.52202468809
1.1485299803404065,1.3468971556154665,2.0,2.0,0.0,0.0,1.0,0.0,1.0,138131.76263766392
1.369075966451987,-1.0520647387927027,0.0,2.0,0.0,0.0,1.0,1.0,0.0,63967.565446240245
-0.027715278921355446,-1.5318571176743365,3.0,1.0,0.0,1.0,0.0,0.0,1.0,123780.31235143372
-1.645052510406278,-1.2919609282335196,2.0,1.0,0.0,1.0,0.0,1.0,0.0,95086.48203694854
0.854468665524966,-0.8121685493518859,2.0,0.0,0.0,1.0,0.0,1.0,0.0,123441.29098796276
-0.39529192244065603,-1.5318571176743365,0.0,0.0,0.0,0.0,1.0,0.0,1.0,85383.1553922566
1.442591295155847,-1.5318571176743365,0.0,0.0,1.0,0.0,0.0,1.0,0.0,86467.92073920323
-1.2039605381831173,-0.8121685493518859,2.0,1.0,1.0,0.0,0.0,0.0,1.0,90855.0489351141
-1.4245065242946977,1.3468971556154665,1.0,1.0,0.0,0.0,1.0,0.0,1.0,117630.38957754908
1.2955606377481268,-1.1720128335131113,3.0,0.0,1.0,0.0,0.0,0.0,1.0,126484.77415596208
0.33986136459794514,-0.09247998102943503,1.0,1.0,0.0,0.0,1.0,0.0,1.0,93221.84607969092
-0.7628685659599567,-0.2124280757498435,1.0,2.0,0.0,0.0,1.0,0.0,1.0,123092.18561174876
1.2220453090442667,0.5072604925726073,1.0,1.0,0.0,1.0,0.0,0.0,1.0,84101.852687414
-0.10123060762521557,1.5867933450562834,0.0,2.0,0.0,0.0,1.0,1.0,0.0,100452.5585344342
0.1928307071902249,-1.651805212394745,2.0,0.0,0.0,1.0,0.0,1.0,0.0,124775.05062836432
-1.645052510406278,-0.332376170470252,1.0,2.0,0.0,1.0,0.0,0.0,1.0,95621.00301101292
1.5161066238597072,0.6272085872930158,1.0,3.0,1.0,0.0,0.0,1.0,0.0,74996.46723835671
0.854468665524966,-1.4119090229539282,3.0,0.0,0.0,1.0,0.0,0.0,1.0,127440.40640931044
-1.571537181702418,-0.09247998102943503,3.0,2.0,1.0,0.0,0.0,0.0,1.0,139809.32588853835
1.5161066238597072,-1.1720128335131113,1.0,2.0,0.0,0.0,1.0,1.0,0.0,103915.15319989243
1.0750146516365464,0.2673643031317904,3.0,1.0,1.0,0.0,0.0,0.0,1.0,129845.55334320996
1.5161066238597072,0.2673643031317904,1.0,2.0,1.0,0.0,0.0,1.0,0.0,108464.32013867843
0.1928307071902249,-0.45232426519066044,3.0,1.0,1.0,0.0,0.0,0.0,1.0,116719.85194936022
0.045800049782504675,1.3468971556154665,2.0,2.0,0.0,0.0,1.0,0.0,1.0,138082.33170711008
1.442591295155847,-0.332376170470252,0.0,2.0,0.0,0.0,1.0,1.0,0.0,66811.3134084247
-1.3509911955908376,-1.2919609282335196,2.0,1.0,0.0,1.0,0.0,0.0,1.0,97173.28953702336
-1.1304452094792572,-0.6922204546314773,1.0,3.0,0.0,0.0,1.0,0.0,1.0,95126.80785391098
0.4868920220056654,0.6272085872930158,1.0,2.0,0.0,1.0,0.0,1.0,0.0,99167.88705184014
-1.571537181702418,0.027468113690973444,1.0,2.0,0.0,0.0,1.0,0.0,1.0,111440.01698894912
0.045800049782504675,-1.651805212394745,1.0,0.0,1.0,0.0,0.0,1.0,0.0,72841.11155482176
0.045800049782504675,0.7471566820134242,2.0,1.0,0.0,1.0,0.0,1.0,0.0,118510.99597794536
0.1193153784863648,0.7471566820134242,0.0,1.0,0.0,0.0,1.0,1.0,0.0,79002.843236208
0.1928307071902249,-1.651805212394745,1.0,3.0,0.0,0.0,1.0,0.0,1.0,102106.0853358802
-1.2774758668869775,-1.4119090229539282,2.0,0.0,0.0,0.0,1.0,1.0,0.0,137130.85536865267
-0.027715278921355446,-0.332376170470252,3.0,3.0,1.0,0.0,0.0,0.0,1.0,137069.8035855853
-0.46880725114451616,-1.0520647387927027,1.0,3.0,0.0,1.0,0.0,1.0,0.0,89173.97096368166
0.6339226794133856,0.8671047767338327,3.0,2.0,0.0,1.0,0.0,0.0,1.0,153466.1561391526
-1.645052510406278,1.2269490608950582,1.0,2.0,0.0,1.0,0.0,1.0,0.0,98183.68685087073
-1.4245065242946977,-1.4119090229539282,1.0,1.0,0.0,0.0,1.0,0.0,1.0,74649.08699648213
0.7809533368211059,-0.8121685493518859,2.0,0.0,0.0,1.0,0.0,0.0,1.0,141267.28470660865
0.6339226794133856,-0.2124280757498435,0.0,1.0,0.0,1.0,0.0,1.0,0.0,48438.3555127691
-1.2039605381831173,-0.332376170470252,2.0,0.0,0.0,0.0,1.0,0.0,1.0,127497.1816518687
-1.645052510406278,0.6272085872930158,2.0,1.0,0.0,0.0,1.0,0.0,1.0,100807.6591918533
-1.056929880775397,1.706741439776692,3.0,3.0,0.0,0.0,1.0,1.0,0.0,163509.51814032128
0.1193153784863648,0.9870528714542411,2.0,3.0,0.0,0.0,1.0,1.0,0.0,117342.18671454387
-1.2039605381831173,-1.5318571176743365,2.0,3.0,1.0,0.0,0.0,1.0,0.0,107445.34365931292
-0.8363838946638168,0.2673643031317904,2.0,2.0,1.0,0.0,0.0,0.0,1.0,112862.375062807
-1.3509911955908376,0.5072604925726073,0.0,0.0,0.0,1.0,0.0,1.0,0.0,88958.67919836262
1.0750146516365464,0.5072604925726073,3.0,0.0,1.0,0.0,0.0,0.0,1.0,161785.29188984665
-1.1304452094792572,0.027468113690973444,1.0,2.0,0.0,0.0,1.0,1.0,0.0,114388.31726393776
0.1928307071902249,0.8671047767338327,1.0,0.0,1.0,0.0,0.0,1.0,0.0,84837.19690782425
1.442591295155847,0.14741620841138192,3.0,1.0,0.0,0.0,1.0,1.0,0.0,135511.40789857198
-1.2774758668869775,0.14741620841138192,3.0,3.0,1.0,0.0,0.0,1.0,0.0,132001.66878252293
1.0750146516365464,-1.0520647387927027,2.0,2.0,0.0,0.0,1.0,0.0,1.0,118098.06930900912
-1.3509911955908376,-1.5318571176743365,3.0,3.0,0.0,1.0,0.0,1.0,0.0,110423.41996175224
1.442591295155847,-0.45232426519066044,2.0,0.0,0.0,1.0,0.0,0.0,1.0,126284.0844463959
-0.7628685659599567,-1.4119090229539282,2.0,2.0,1.0,0.0,0.0,1.0,0.0,99019.38519034335
-0.46880725114451616,1.5867933450562834,1.0,0.0,0.0,0.0,1.0,0.0,1.0,130113.23027609976
-1.2774758668869775,-0.6922204546314773,3.0,3.0,0.0,1.0,0.0,1.0,0.0,121976.05737138934
-0.6893532372560965,1.1070009661746496,1.0,0.0,0.0,0.0,1.0,0.0,1.0,117780.71841761054
-0.8363838946638168,0.6272085872930158,3.0,2.0,1.0,0.0,0.0,1.0,0.0,141637.70446304613
-0.027715278921355446,0.14741620841138192,1.0,0.0,0.0,0.0,1.0,0.0,1.0,124024.38910184392
1.442591295155847,-0.8121685493518859,2.0,2.0,0.0,0.0,1.0,0.0,1.0,120890.05892395366
1.2220453090442667,-0.2124280757498435,2.0,2.0,1.0,0.0,0.0,0.0,1.0,107463.57610068769
-1.645052510406278,-1.2919609282335196,1.0,2.0,0.0,1.0,0.0,0.0,1.0,92362.5402037041
0.1193153784863648,-1.5318571176743365,2.0,1.0,1.0,0.0,0.0,0.0,1.0,97697.92391858966
0.33986136459794514,0.2673643031317904,0.0,0.0,0.0,0.0,1.0,0.0,1.0,112954.0416857619
0.5604073507095255,0.38731239785219884,1.0,0.0,1.0,0.0,0.0,1.0,0.0,120075.52584159435
0.1193153784863648,0.2673643031317904,1.0,3.0,1.0,0.0,0.0,1.0,0.0,92373.80193359032
0.41337669330180526,1.2269490608950582,3.0,2.0,0.0,0.0,1.0,0.0,1.0,144908.75968786114
0.1193153784863648,1.2269490608950582,2.0,2.0,1.0,0.0,0.0,1.0,0.0,111344.47273079128
0.5604073507095255,1.466845250335875,0.0,3.0,0.0,1.0,0.0,1.0,0.0,79976.18786280928
0.7074380081172458,-1.0520647387927027,3.0,0.0,0.0,1.0,0.0,1.0,0.0,126908.15218443835
0.9279839942288262,0.6272085872930158,1.0,0.0,1.0,0.0,0.0,1.0,0.0,102152.15270939372
-0.027715278921355446,1.466845250335875,0.0,0.0,0.0,0.0,1.0,0.0,1.0,105298.77695248832
-1.056929880775397,-0.45232426519066044,0.0,2.0,1.0,0.0,0.0,1.0,0.0,66157.89578261097
-1.4245065242946977,0.6272085872930158,2.0,2.0,1.0,0.0,0.0,1.0,0.0,116720.81943689582
1.0014993229326863,0.38731239785219884,1.0,3.0,0.0,1.0,0.0,0.0,1.0,79719.9537270189
-0.6158379085522364,-0.09247998102943503,3.0,1.0,0.0,1.0,0.0,1.0,0.0,126314.6675979321
1.0014993229326863,-1.651805212394745,0.0,1.0,0.0,0.0,1.0,0.0,1.0,65965.08051066907
-0.39529192244065603,0.9870528714542411,1.0,2.0,0.0,0.0,1.0,0.0,1.0,107518.6253221083
-0.2482612650329358,-1.5318571176743365,2.0,0.0,0.0,0.0,1.0,0.0,1.0,129257.55344191214
0.1193153784863648,-0.9321166440722943,1.0,0.0,1.0,0.0,0.0,0.0,1.0,123627.26713718078
0.1193153784863648,-0.5722723599110688,2.0,1.0,1.0,0.0,0.0,1.0,0.0,94081.88969865548
0.9279839942288262,-1.0520647387927027,1.0,0.0,1.0,0.0,0.0,0.0,1.0,102512.10007949529
-1.571537181702418,-0.2124280757498435,3.0,1.0,1.0,0.0,0.0,1.0,0.0,119967.70090087356
-0.7628685659599567,-0.45232426519066044,1.0,2.0,0.0,0.0,1.0,1.0,0.0,110696.23729224046
-0.1747459363290757,1.1070009661746496,3.0,2.0,0.0,0.0,1.0,1.0,0.0,136813.50123387904
-1.1304452094792572,0.2673643031317904,2.0,0.0,0.0,0.0,1.0,0.0,1.0,126430.43232054784
-0.027715278921355446,1.5867933450562834,0.0,0.0,1.0,0.0,0.0,1.0,0.0,99434.6392807138
1.5896219525635673,0.38731239785219884,0.0,1.0,1.0,0.0,0.0,0.0,1.0,71869.62566158465
-0.5423225798483763,-1.1720128335131113,3.0,0.0,0.0,0.0,1.0,1.0,0.0,146305.2402586494
0.7074380081172458,1.706741439776692,1.0,2.0,0.0,1.0,0.0,0.0,1.0,97354.26749032356
0.7809533368211059,1.3468971556154665,1.0,0.0,0.0,0.0,1.0,0.0,1.0,117763.86723541604
-0.6893532372560965,0.027468113690973444,1.0,0.0,1.0,0.0,0.0,0.0,1.0,97052.93882402783
-1.571537181702418,-0.09247998102943503,0.0,0.0,1.0,0.0,0.0,0.0,1.0,87889.91945003047
-1.4245065242946977,0.8671047767338327,2.0,2.0,0.0,0.0,1.0,1.0,0.0,124379.61040159572
1.2220453090442667,0.38731239785219884,2.0,0.0,0.0,1.0,0.0,1.0,0.0,126191.92895199227
1.0014993229326863,-0.9321166440722943,2.0,1.0,0.0,1.0,0.0,0.0,1.0,107847.47576637704
1.1485299803404065,1.706741439776692,0.0,3.0,1.0,0.0,0.0,1.0,0.0,92353.1627679859
0.33986136459794514,-0.45232426519066044,2.0,1.0,1.0,0.0,0.0,0.0,1.0,91867.25194663962
0.854468665524966,-1.0520647387927027,3.0,1.0,1.0,0.0,0.0,1.0,0.0,115249.02672349873
1.1485299803404065,-1.1720128335131113,3.0,1.0,0.0,0.0,1.0,1.0,0.0,101185.1620146866
0.1928307071902249,-1.1720128335131113,0.0,2.0,1.0,0.0,0.0,0.0,1.0,66983.27059355342
-0.46880725114451616,0.7471566820134242,1.0,1.0,1.0,0.0,0.0,1.0,0.0,97899.78049795829
-0.983414552071537,1.1070009661746496,2.0,0.0,1.0,0.0,0.0,0.0,1.0,139267.8170525735
0.1928307071902249,0.5072604925726073,2.0,2.0,0.0,1.0,0.0,0.0,1.0,125010.60844357472
-1.645052510406278,0.5072604925726073,3.0,3.0,0.0,1.0,0.0,1.0,0.0,130113.57026527364
-0.5423225798483763,0.9870528714542411,0.0,1.0,1.0,0.0,0.0,0.0,1.0,61532.07984408598
-0.46880725114451616,0.8671047767338327,1.0,3.0,0.0,1.0,0.0,0.0,1.0,95209.17594806197
1.442591295155847,-0.45232426519066044,2.0,0.0,0.0,1.0,0.0,0.0,1.0,110485.5886176369
1.0014993229326863,-0.332376170470252,0.0,0.0,0.0,1.0,0.0,0.0,1.0,103104.58978298244
-1.1304452094792572,1.5867933450562834,0.0,1.0,0.0,1.0,0.0,1.0,0.0,83642.10640394817
0.045800049782504675,1.5867933450562834,2.0,0.0,0.0,0.0,1.0,1.0,0.0,146975.62965786716
1.2955606377481268,0.027468113690973444,1.0,0.0,0.0,1.0,0.0,1.0,0.0,103801.95225172662
1.1485299803404065,0.6272085872930158,2.0,0.0,0.0,1.0,0.0,1.0,0.0,134296.60379842255
1.0750146516365464,0.2673643031317904,0.0,2.0,0.0,1.0,0.0,1.0,0.0,89977.94942262843
1.0750146516365464,1.2269490608950582,3.0,3.0,0.0,1.0,0.0,0.0,1.0,150114.47891218946
-1.3509911955908376,1.2269490608950582,3.0,1.0,0.0,0.0,1.0,1.0,0.0,130963.09069934256
0.854468665524966,-1.5318571176743365,0.0,3.0,0.0,0.0,1.0,1.0,0.0,52264.71239826344
-0.027715278921355446,-0.6922204546314773,0.0,2.0,1.0,0.0,0.0,1.0,0.0,89782.29962808275
0.5604073507095255,-0.8121685493518859,1.0,0.0,0.0,1.0,0.0,0.0,1.0,114365.92857715684
0.7809533368211059,-1.0520647387927027,0.0,0.0,0.0,1.0,0.0,0.0,1.0,88085.19940828005
0.33986136459794514,0.14741620841138192,1.0,2.0,1.0,0.0,0.0,1.0,0.0,94613.5375628263
-1.1304452094792572,1.1070009661746496,0.0,0.0,0.0,0.0,1.0,1.0,0.0,113240.20338262782
-0.6893532372560965,-0.5722723599110688,1.0,1.0,1.0,0.0,0.0,1.0,0.0,62267.66824168884
0.1928307071902249,0.7471566820134242,2.0,1.0,0.0,0.0,1.0,1.0,0.0,131317.6842153504
1.0750146516365464,-1.651805212394745,3.0,3.0,1.0,0.0,0.0,0.0,1.0,110642.2777526284
0.6339226794133856,1.1070009661746496,1.0,2.0,1.0,0.0,0.0,0.0,1.0,111908.61502158752
1.0014993229326863,0.027468113690973444,3.0,2.0,0.0,1.0,0.0,1.0,0.0,146462.17774895177
1.2220453090442667,-1.4119090229539282,2.0,1.0,1.0,0.0,0.0,1.0,0.0,86684.29088738072
-1.056929880775397,0.6272085872930158,1.0,0.0,0.0,0.0,1.0,1.0,0.0,118246.33644902532
-0.32177659373679596,1.3468971556154665,2.0,2.0,0.0,0.0,1.0,0.0,1.0,148215.83141275984
-0.1747459363290757,0.8671047767338327,1.0,2.0,1.0,0.0,0.0,1.0,0.0,112264.97404582587
0.1928307071902249,-1.1720128335131113,3.0,0.0,0.0,0.0,1.0,1.0,0.0,127277.6888001958
1.2220453090442667,-1.651805212394745,2.0,2.0,1.0,0.0,0.0,0.0,1.0,84075.94262943542
0.4868920220056654,1.5867933450562834,0.0,0.0,0.0,1.0,0.0,0.0,1.0,93537.79379643842
-1.4980218529985578,1.466845250335875,2.0,3.0,0.0,1.0,0.0,1.0,0.0,113064.54601700298
1.2955606377481268,0.7471566820134242,1.0,3.0,0.0,1.0,0.0,1.0,0.0,84814.7412741277
-0.39529192244065603,-1.0520647387927027,3.0,0.0,0.0,1.0,0.0,1.0,0.0,143721.10643262288
1.2955606377481268,1.466845250335875,0.0,3.0,1.0,0.0,0.0,1.0,0.0,72362.95552866027
1.2220453090442667,1.2269490608950582,0.0,0.0,0.0,0.0,1.0,0.0,1.0,117061.2462176217
0.7809533368211059,0.38731239785219884,2.0,0.0,1.0,0.0,0.0,0.0,1.0,142528.77765517056
-1.4245065242946977,-1.1720128335131113,2.0,2.0,0.0,0.0,1.0,1.0,0.0,114713.16762502409
0.26634603589408506,1.2269490608950582,0.0,0.0,1.0,0.0,0.0,0.0,1.0,111834.57948672894
0.1193153784863648,-1.651805212394745,2.0,0.0,0.0,0.0,1.0,1.0,0.0,121242.14310140724
0.5604073507095255,0.38731239785219884,3.0,0.0,0.0,0.0,1.0,1.0,0.0,153652.093532501
-1.571537181702418,0.38731239785219884,0.0,0.0,1.0,0.0,0.0,1.0,0.0,88647.85739293914
1.442591295155847,-0.6922204546314773,0.0,0.0,0.0,1.0,0.0,0.0,1.0,93448.60001993066
-0.32177659373679596,-0.5722723599110688,2.0,1.0,1.0,0.0,0.0,0.0,1.0,78855.39027300103
-1.1304452094792572,-1.1720128335131113,2.0,1.0,0.0,1.0,0.0,0.0,1.0,92914.00677775544
1.5161066238597072,-0.5722723599110688,1.0,1.0,1.0,0.0,0.0,0.0,1.0,77974.05660316872
-1.2774758668869775,-0.2124280757498435,2.0,3.0,0.0,0.0,1.0,0.0,1.0,116630.8466523854
1.2955606377481268,0.2673643031317904,0.0,2.0,0.0,1.0,0.0,1.0,0.0,78315.63656677089
1.0750146516365464,-1.2919609282335196,0.0,3.0,0.0,0.0,1.0,0.0,1.0,68887.85742643471
-0.2482612650329358,-1.651805212394745,1.0,3.0,0.0,0.0,1.0,1.0,0.0,83921.21617950863
0.854468665524966,0.027468113690973444,1.0,1.0,0.0,0.0,1.0,1.0,0.0,84080.91886527606
-0.10123060762521557,1.1070009661746496,0.0,1.0,1.0,0.0,0.0,0.0,1.0,90815.98628938774
1.0014993229326863,-1.651805212394745,1.0,2.0,0.0,0.0,1.0,0.0,1.0,95395.50206031308
0.1193153784863648,1.2269490608950582,0.0,0.0,1.0,0.0,0.0,1.0,0.0,91688.16649826172
0.5604073507095255,1.706741439776692,2.0,3.0,0.0,1.0,0.0,1.0,0.0,118282.8096652156
-1.571537181702418,-0.332376170470252,0.0,2.0,0.0,0.0,1.0,1.0,0.0,92294.08918230917
-1.645052510406278,-1.5318571176743365,1.0,0.0,0.0,1.0,0.0,1.0,0.0,98020.59791064067
0.1193153784863648,0.5072604925726073,2.0,3.0,0.0,1.0,0.0,0.0,1.0,139481.1269781519
-1.3509911955908376,0.027468113690973444,0.0,2.0,1.0,0.0,0.0,0.0,1.0,70640.75877047912
-1.645052510406278,-0.2124280757498435,0.0,3.0,0.0,1.0,0.0,1.0,0.0,55573.930615477104
1.0014993229326863,-0.6922204546314773,1.0,2.0,1.0,0.0,0.0,1.0,0.0,88723.01541166398
-0.1747459363290757,-1.0520647387927027,1.0,3.0,1.0,0.0,0.0,1.0,0.0,77750.67458837443
-1.3509911955908376,1.2269490608950582,3.0,0.0,0.0,1.0,0.0,1.0,0.0,138815.49365359705
-1.2774758668869775,-1.4119090229539282,0.0,3.0,0.0,1.0,0.0,1.0,0.0,54908.3148561852
-0.6158379085522364,0.38731239785219884,2.0,1.0,0.0,1.0,0.0,1.0,0.0,104315.84558612404
-0.027715278921355446,0.14741620841138192,1.0,3.0,1.0,0.0,0.0,0.0,1.0,82312.3646379445
-0.5423225798483763,-1.2919609282335196,2.0,0.0,1.0,0.0,0.0,1.0,0.0,107697.74252369396
-0.2482612650329358,0.8671047767338327,3.0,1.0,0.0,1.0,0.0,0.0,1.0,118568.0745691156
-0.7628685659599567,0.2673643031317904,1.0,0.0,1.0,0.0,0.0,0.0,1.0,114580.38051421756
1.2220453090442667,0.5072604925726073,2.0,0.0,0.0,1.0,0.0,1.0,0.0,128161.59156010325
0.7074380081172458,-1.0520647387927027,0.0,2.0,1.0,0.0,0.0,0.0,1.0,55762.98547599145
0.5604073507095255,1.2269490608950582,2.0,0.0,1.0,0.0,0.0,1.0,0.0,127400.65732182092
-0.1747459363290757,0.9870528714542411,0.0,0.0,0.0,0.0,1.0,0.0,1.0,98276.76760253044
-0.1747459363290757,0.5072604925726073,2.0,0.0,0.0,0.0,1.0,1.0,0.0,140086.47124713028
-1.2774758668869775,-0.8121685493518859,0.0,1.0,0.0,1.0,0.0,1.0,0.0,64683.38986360488
-0.9098992233676769,1.1070009661746496,0.0,3.0,0.0,0.0,1.0,1.0,0.0,74468.2050198493
0.1193153784863648,0.38731239785219884,2.0,1.0,1.0,0.0,0.0,0.0,1.0,98207.02602445568
-0.8363838946638168,1.466845250335875,1.0,0.0,0.0,1.0,0.0,1.0,0.0,108544.92271980026
-0.10123060762521557,1.2269490608950582,0.0,0.0,0.0,0.0,1.0,1.0,0.0,71077.00006577624
